date,exdate,cp_flag,spot_price,strike_price,tau (time to maturity),market_mid_price,model_price,abs_error,sq_error
2025-08-18,2025-09-19,P,6449.15,5650.0,0.0876712328767123,6.199999999999999,7.409327408877225,1.2093274088772255,1.462472781861704
2025-08-18,2025-09-19,P,6449.15,5650.0,0.0876712328767123,6.199999999999999,7.430242015998616,1.2302420159986163,1.5134954179283395
2025-08-18,2025-09-19,P,6449.15,5675.0,0.0876712328767123,6.5,7.7377497217888065,1.2377497217888065,1.532024373788268
2025-08-18,2025-09-19,P,6449.15,5675.0,0.0876712328767123,6.5,7.758595605935844,1.2585956059358443,1.584062899281015
2025-08-18,2025-09-19,P,6449.15,5700.0,0.0876712328767123,6.800000000000001,8.042398714769654,1.242398714769653,1.5435545664612853
2025-08-18,2025-09-19,P,6449.15,5700.0,0.0876712328767123,6.800000000000001,8.064769317357884,1.2647693173578833,1.5996414261299263
2025-08-18,2025-09-19,P,6449.15,5750.0,0.0876712328767123,7.5,8.779367525496399,1.279367525496399,1.636781265294779
2025-08-18,2025-09-19,P,6449.15,5750.0,0.0876712328767123,7.5,8.805378426577303,1.3053784265773025,1.704012836573434
2025-08-18,2025-09-19,P,6449.15,5775.0,0.0876712328767123,7.9,9.203678915457319,1.3036789154573185,1.6995787146079702
2025-08-18,2025-09-19,P,6449.15,5775.0,0.0876712328767123,7.9,9.23183471652206,1.33183471652206,1.7737837121333961
2025-08-18,2025-09-19,P,6449.15,5800.0,0.0876712328767123,8.35,9.729822692479814,1.3798226924798147,1.9039106626822453
2025-08-18,2025-09-19,P,6449.15,5800.0,0.0876712328767123,8.35,9.758148222719699,1.4081482227196993,1.982881417148648
2025-08-18,2025-10-17,P,6449.15,5000.0,0.1643835616438356,7.15,7.287323081523515,0.13732308152351447,0.0188576287191138
2025-08-18,2025-10-17,P,6449.15,5000.0,0.1643835616438356,7.15,7.315711043223284,0.16571104322328356,0.027460149846148953
2025-08-18,2025-10-17,P,6449.15,6000.0,0.1643835616438356,38.2,37.176942855752486,1.0230571442475167,1.0466459203958842
2025-08-18,2025-10-17,P,6449.15,6000.0,0.1643835616438356,38.2,37.32557844359373,0.8744215564062756,0.7646130583079734
2025-08-19,2025-09-19,C,6411.37,6000.0,0.084931506849315,445.4,447.31228279691186,1.9122827969118816,3.656825495365129
2025-08-19,2025-09-19,C,6411.37,6000.0,0.084931506849315,445.4,446.82872104034857,1.4287210403485915,2.0412438111347617
2025-08-19,2025-09-19,P,6411.37,5100.0,0.084931506849315,3.05,3.733265675476132,0.6832656754761324,0.46685198328385547
2025-08-19,2025-09-19,P,6411.37,5100.0,0.084931506849315,3.05,3.740444130159416,0.690444130159416,0.4767130968715925
2025-08-19,2025-09-19,P,6411.37,5400.0,0.084931506849315,4.6,5.152390168998718,0.5523901689987181,0.3051348988064323
2025-08-19,2025-09-19,P,6411.37,5400.0,0.084931506849315,4.6,5.1636843305438465,0.5636843305438468,0.31774002450066474
2025-08-19,2025-09-19,P,6411.37,6000.0,0.084931506849315,18.25,17.653436289398964,0.5965637106010355,0.35588826080607605
2025-08-19,2025-09-19,P,6411.37,6000.0,0.084931506849315,18.25,17.708764575594866,0.5412354244051336,0.2929357846310051
2025-08-19,2025-09-19,P,6411.37,6050.0,0.084931506849315,21.65,22.25423643672902,0.6042364367290212,0.3651016714709844
2025-08-19,2025-09-19,P,6411.37,6050.0,0.084931506849315,21.65,22.324915561803422,0.6749155618034237,0.4555110155644311
2025-08-19,2025-10-17,P,6411.37,5000.0,0.1616438356164383,7.75,7.975586672398523,0.22558667239852337,0.0508893467638387
2025-08-19,2025-10-17,P,6411.37,5000.0,0.1616438356164383,7.75,8.006656654119757,0.256656654119757,0.06587263810394858
2025-08-19,2025-10-17,P,6411.37,6000.0,0.1616438356164383,44.5,45.835419866064356,1.3354198660643561,1.783346218679343
2025-08-19,2025-10-17,P,6411.37,6000.0,0.1616438356164383,44.5,46.01258720154721,1.5125872015472126,2.287920042284428
2025-08-20,2025-09-19,P,6395.78,5000.0,0.0821917808219178,2.475,2.9662479495268563,0.49124794952685624,0.2413245479143407
2025-08-20,2025-09-19,P,6395.78,5000.0,0.0821917808219178,2.475,2.9711366624054727,0.4961366624054726,0.2461515877828419
2025-08-20,2025-09-19,P,6395.78,5800.0,0.0821917808219178,9.8,10.090985955480615,0.2909859554806147,0.08467282628696626
2025-08-20,2025-09-19,P,6395.78,5800.0,0.0821917808219178,9.8,10.118439226849054,0.318439226849053,0.10140354119622265
2025-08-20,2025-10-17,P,6395.78,6150.0,0.1589041095890411,65.45,62.47450822837562,2.975491771624384,8.853551283004414
2025-08-20,2025-10-17,P,6395.78,6150.0,0.1589041095890411,65.45,62.71429617101834,2.735703828981663,7.484075439904931
2025-08-20,2025-10-17,P,6395.78,6200.0,0.1589041095890411,73.6,72.65345010393237,0.9465498960676229,0.8959567057456276
2025-08-20,2025-10-17,P,6395.78,6200.0,0.1589041095890411,73.6,72.92585437167808,0.6741456283219094,0.454472328185542
2025-08-20,2025-10-17,P,6395.78,6250.0,0.1589041095890411,83.0,84.73739260649324,1.7373926064932448,3.018533069097391
2025-08-20,2025-10-17,P,6395.78,6250.0,0.1589041095890411,83.0,85.06135938353223,2.061359383532235,4.249202508076395
2025-08-18,2025-09-19,C,335.16,330.0,0.0876712328767123,20.55,20.896163633977675,0.3461636339776746,0.11982926148862946
2025-08-18,2025-09-19,C,335.16,330.0,0.0876712328767123,20.55,20.881987579092414,0.33198757909241294,0.11021575267164115
2025-08-18,2025-09-19,C,335.16,335.0,0.0876712328767123,18.0,17.37566718633722,0.6243328136627788,0.3897914622160821
2025-08-18,2025-09-19,C,335.16,335.0,0.0876712328767123,18.0,17.362909702047066,0.637090297952934,0.40588404774575826
2025-08-18,2025-10-17,P,335.16,320.0,0.1643835616438356,16.85,16.56189211834386,0.288107881656142,0.08300615147238952
2025-08-18,2025-10-17,P,335.16,320.0,0.1643835616438356,16.85,16.587612103628103,0.26238789637189797,0.06884740816246987
2025-08-18,2025-09-19,P,174.03,160.0,0.0876712328767123,4.125,4.186498064696968,0.06149806469696806,0.003782011961472469
2025-08-18,2025-09-19,P,174.03,160.0,0.0876712328767123,4.125,4.189978010138549,0.06497801013854865,0.004222141801565331
2025-08-18,2025-09-19,P,174.03,165.0,0.0876712328767123,5.574999999999999,5.717178395767185,0.1421783957671856,0.020214696222930463
2025-08-18,2025-09-19,P,174.03,165.0,0.0876712328767123,5.574999999999999,5.721717366559282,0.14671736655928314,0.021525985650091055
2025-08-18,2025-09-19,P,174.03,170.0,0.0876712328767123,7.4,7.3355233540108316,0.0644766459891688,0.004157237878012597
2025-08-18,2025-09-19,P,174.03,170.0,0.0876712328767123,7.4,7.341106562807292,0.05889343719270812,0.003468436944371456
2025-08-18,2025-09-19,P,174.03,172.5,0.0876712328767123,8.5,8.68180054516411,0.18180054516411026,0.0330514382219677
2025-08-18,2025-09-19,P,174.03,172.5,0.0876712328767123,8.5,8.688172493397492,0.18817249339749154,0.035408887271429
2025-08-18,2025-10-17,P,6449.15,5700.0,0.1643835616438356,20.1,20.937218898957003,0.8372188989570013,0.7009354847707735
2025-08-18,2025-10-17,P,6449.15,5700.0,0.1643835616438356,20.1,21.012176700184348,0.9121767001843466,0.8320663323592034
2025-08-19,2025-09-19,P,6411.37,5500.0,0.084931506849315,5.300000000000001,6.488718803051495,1.1887188030514944,1.4130523927281775
2025-08-19,2025-09-19,P,6411.37,5500.0,0.084931506849315,5.300000000000001,6.504712003129821,1.2047120031298206,1.451331010485065
2025-08-19,2025-09-19,P,6411.37,5550.0,0.084931506849315,5.800000000000001,6.988738358042644,1.1887383580426434,1.4130988838819198
2025-08-19,2025-09-19,P,6411.37,5550.0,0.084931506849315,5.800000000000001,7.005682520336285,1.2056825203362846,1.4536703398444555
2025-08-19,2025-09-19,P,6411.37,5700.0,0.084931506849315,7.699999999999999,8.917442252701322,1.2174422527013231,1.4821656386624722
2025-08-19,2025-09-19,P,6411.37,5700.0,0.084931506849315,7.699999999999999,8.941434308150825,1.2414343081508257,1.5411591414539192
2025-08-19,2025-10-17,P,6411.37,5800.0,0.1616438356164383,28.6,28.919879748919843,0.31987974891984194,0.10232305376902112
2025-08-19,2025-10-17,P,6411.37,5800.0,0.1616438356164383,28.6,29.022305041542243,0.42230504154224136,0.1783415481119942
2025-08-19,2025-09-26,P,6411.37,5100.0,0.1041095890410958,4.300000000000001,4.252641959747026,0.0473580402529743,0.002242783976602334
2025-08-19,2025-09-26,P,6411.37,5100.0,0.1041095890410958,4.300000000000001,4.26174696986713,0.038253030132870514,0.0014632943143462996
2025-08-19,2025-09-30,P,6411.37,5700.0,0.1150684931506849,12.85,13.448761177741371,0.5987611777413715,0.35851494797023425
2025-08-19,2025-09-30,P,6411.37,5700.0,0.1150684931506849,12.85,13.49237323993686,0.6423732399368607,0.4126433793869796
2025-08-19,2025-10-03,P,6411.37,5300.0,0.1232876712328767,7.35,7.800976930287816,0.4509769302878164,0.203380191651822
2025-08-19,2025-10-03,P,6411.37,5300.0,0.1232876712328767,7.35,7.821496762159655,0.4714967621596555,0.22230919672703878
2025-08-19,2025-10-03,P,6411.37,5350.0,0.1232876712328767,7.85,8.155913728846405,0.3059137288464058,0.09358320949671228
2025-08-19,2025-10-03,P,6411.37,5350.0,0.1232876712328767,7.85,8.178513472942447,0.32851347294244704,0.10792110190470788
2025-08-20,2025-09-19,P,6395.78,6300.0,0.0821917808219178,57.65,60.576874813711356,2.9268748137113576,8.566596175137894
2025-08-20,2025-09-19,P,6395.78,6300.0,0.0821917808219178,57.65,60.761762824237344,3.1117628242373456,9.683067874305582
2025-08-20,2025-09-19,P,6395.78,6350.0,0.0821917808219178,70.35,64.19778463327663,6.152215366723368,37.849753918547144
2025-08-20,2025-09-19,P,6395.78,6350.0,0.0821917808219178,70.35,64.40364787818115,5.9463521218188475,35.35910355665951
2025-08-20,2025-09-19,P,6395.78,6365.0,0.0821917808219178,74.75,75.36273000505844,0.6127300050584381,0.3754380590989136
2025-08-20,2025-09-19,P,6395.78,6365.0,0.0821917808219178,74.75,75.59810375459169,0.8481037545916905,0.7192799785525225
2025-08-20,2025-09-19,P,6395.78,6375.0,0.0821917808219178,77.85,73.28075571486804,4.569244285131958,20.877993337211063
2025-08-20,2025-09-19,P,6395.78,6375.0,0.0821917808219178,77.85,73.51469072304863,4.335309276951364,18.794906526820554
2025-08-20,2025-09-19,P,6395.78,6380.0,0.0821917808219178,79.44999999999999,72.22894159079036,7.221058409209633,52.14368454921715
2025-08-20,2025-09-19,P,6395.78,6380.0,0.0821917808219178,79.44999999999999,72.46213798286279,6.9878620171372035,48.83021557054882
2025-08-20,2025-09-19,P,6395.78,6385.0,0.0821917808219178,81.15,87.33169995832235,6.181699958322341,38.213414374722426
2025-08-20,2025-09-19,P,6395.78,6385.0,0.0821917808219178,81.15,87.59864933112347,6.4486493311234625,41.58507819579908
2025-08-20,2025-09-19,P,6395.78,6390.0,0.0821917808219178,82.85,86.31328472590708,3.463284725907087,11.994341092701328
2025-08-20,2025-09-19,P,6395.78,6390.0,0.0821917808219178,82.85,86.57974269712595,3.729742697125957,13.910980586764406
2025-08-20,2025-10-17,P,6395.78,5960.0,0.1589041095890411,42.25,43.33661665354664,1.086616653546642,1.1807357517649029
2025-08-20,2025-10-17,P,6395.78,5960.0,0.1589041095890411,42.25,43.49303144676305,1.243031446763048,1.5451271776418365
2025-08-20,2025-10-17,P,6395.78,6000.0,0.1589041095890411,46.3,45.22201258061851,1.0779874193814862,1.1620568763447563
2025-08-20,2025-10-17,P,6395.78,6000.0,0.1589041095890411,46.3,45.38969557853244,0.9103044214675577,0.828654139743385
2025-08-20,2025-10-17,P,6395.78,6025.0,0.1589041095890411,48.95,48.66766060911293,0.28233939088707416,0.07971553164648405
2025-08-20,2025-10-17,P,6395.78,6025.0,0.1589041095890411,48.95,48.841579837833926,0.10842016216607675,0.01175493156411838
2025-08-20,2025-09-30,P,6395.78,5725.0,0.1123287671232876,13.85,13.3132962804886,0.5367037195113991,0.2880508825373705
2025-08-20,2025-09-30,P,6395.78,5725.0,0.1123287671232876,13.85,13.353517530436108,0.4964824695638921,0.24649484258426102
2025-08-20,2025-10-03,P,6395.78,5600.0,0.1205479452054794,12.35,11.7199207460781,0.6300792539218989,0.3969998662227767
2025-08-20,2025-10-03,P,6395.78,5600.0,0.1205479452054794,12.35,11.75415698422433,0.5958430157756691,0.3550288994486443
2025-08-20,2025-10-03,P,6395.78,5800.0,0.1205479452054794,19.75,18.285731346440787,1.4642686535592127,2.1440826897961096
2025-08-20,2025-10-03,P,6395.78,5800.0,0.1205479452054794,19.75,18.34509214853126,1.4049078514687388,1.9737660711185077
2025-08-20,2025-10-03,P,6395.78,6000.0,0.1205479452054794,33.6,32.62670039933927,0.9732996006607308,0.9473121126463382
2025-08-20,2025-10-03,P,6395.78,6000.0,0.1205479452054794,33.6,32.733874570056,0.8661254299439989,0.7501732603956769
2025-08-20,2025-10-03,P,6395.78,6200.0,0.1205479452054794,58.35,58.978444376372344,0.6284443763723431,0.3949423341940232
2025-08-20,2025-10-03,P,6395.78,6200.0,0.1205479452054794,58.35,59.17890905750996,0.8289090575099607,0.6870902256220514
2025-08-20,2025-10-17,P,6395.78,4800.0,0.1589041095890411,6.4,6.433013634175546,0.03301363417554537,0.0010899000414767372
2025-08-20,2025-10-17,P,6395.78,4800.0,0.1589041095890411,6.4,6.45610232121818,0.05610232121817926,0.0031474704460677672
2025-08-18,2025-09-26,P,335.16,295.0,0.1068493150684931,4.75,4.645103537865698,0.1048964621343016,0.011003267768292968
2025-08-18,2025-09-26,P,335.16,295.0,0.1068493150684931,4.75,4.652683151012982,0.09731684898701776,0.009470569096762018
2025-08-19,2025-09-19,C,329.31,325.0,0.084931506849315,19.9,20.14257835124519,0.2425783512451929,0.05884425649283617
2025-08-19,2025-09-19,C,329.31,325.0,0.084931506849315,19.9,20.12922048363678,0.22922048363678016,0.0525420301186794
2025-08-19,2025-09-19,P,329.31,280.0,0.084931506849315,2.71,2.6240448780232377,0.08595512197676225,0.007388282994040076
2025-08-19,2025-09-19,P,329.31,280.0,0.084931506849315,2.71,2.628023906553454,0.0819760934465461,0.006720079896756859
2025-08-19,2025-09-19,P,329.31,300.0,0.084931506849315,5.8,5.8595638275286,0.05956382752860012,0.0035478495498568216
2025-08-19,2025-09-19,P,329.31,300.0,0.084931506849315,5.8,5.8650565248067315,0.06505652480673163,0.004232351419928888
2025-08-19,2025-09-19,P,329.31,310.0,0.084931506849315,8.45,8.611291835564968,0.16129183556496862,0.026015056219916878
2025-08-19,2025-09-19,P,329.31,310.0,0.084931506849315,8.45,8.618956249122643,0.16895624912264395,0.028546214117592925
2025-08-19,2025-09-19,P,329.31,315.0,0.084931506849315,10.15,9.861647926877886,0.2883520731221143,0.08314691807382116
2025-08-19,2025-09-19,P,329.31,315.0,0.084931506849315,10.15,9.870202600496032,0.279797399503968,0.07828658476918306
2025-08-19,2025-09-19,P,329.31,320.0,0.084931506849315,12.05,12.021460767493721,0.028539232506279433,0.0008144877920474767
2025-08-19,2025-09-19,P,329.31,320.0,0.084931506849315,12.05,12.031303812788583,0.01869618721141819,0.00034954741624439715
2025-08-20,2025-10-17,P,323.9,280.0,0.1589041095890411,7.475,7.694202263140597,0.21920226314059743,0.04804963216595972
2025-08-20,2025-10-17,P,323.9,280.0,0.1589041095890411,7.475,7.706960755853425,0.23196075585342513,0.0538057922560923
2025-08-20,2025-10-17,P,323.9,320.0,0.1589041095890411,21.0,21.070848123312715,0.0708481233127145,0.005019456576933601
2025-08-20,2025-10-17,P,323.9,320.0,0.1589041095890411,21.0,21.09909201936658,0.09909201936658008,0.00981922830214668
2025-08-18,2025-09-19,P,6449.15,5000.0,0.0876712328767123,2.475,2.866833894375835,0.3918338943758348,0.15353380078173287
2025-08-18,2025-09-19,P,6449.15,5000.0,0.0876712328767123,2.475,2.8745168742740956,0.39951687427409555,0.15961373282974348
2025-08-18,2025-09-19,P,6449.15,6000.0,0.0876712328767123,14.75,16.04321376191222,1.2932137619122201,1.6724018339991564
2025-08-18,2025-09-19,P,6449.15,6000.0,0.0876712328767123,14.75,16.09835162087484,1.3483516208748405,1.8180520935158095
2025-08-18,2025-09-19,P,6449.15,6300.0,0.0876712328767123,43.05,43.93953418649824,0.8895341864982456,0.7912710689490955
2025-08-18,2025-09-19,P,6449.15,6300.0,0.0876712328767123,43.05,44.094016568884,1.044016568884004,1.0899705961043282
2025-08-18,2025-09-19,P,6449.15,6400.0,0.0876712328767123,64.15,59.02106933600872,5.128930663991284,26.30592975603007
2025-08-18,2025-09-19,P,6449.15,6400.0,0.0876712328767123,64.15,59.24442105682931,4.9055789431706955,24.064704767679718
2025-08-18,2025-10-17,P,6449.15,4600.0,0.1643835616438356,4.6,5.278379135877655,0.6783791358776554,0.46019825199411446
2025-08-18,2025-10-17,P,6449.15,4600.0,0.1643835616438356,4.6,5.2967923770685745,0.6967923770685749,0.48551961674087507
2025-08-18,2025-10-17,P,6449.15,6400.0,0.1643835616438356,99.85,97.22261177368581,2.6273882263141815,6.9031688917743805
2025-08-18,2025-10-17,P,6449.15,6400.0,0.1643835616438356,99.85,97.64686010107145,2.2031398989285407,4.853825414250861
2025-08-19,2025-09-19,P,6411.37,5800.0,0.084931506849315,9.8,11.577378511464353,1.7773785114643523,3.159074373015237
2025-08-19,2025-09-19,P,6411.37,5800.0,0.084931506849315,9.8,11.61150098243427,1.8115009824342696,3.281535809360324
2025-08-19,2025-09-19,P,6411.37,6300.0,0.084931506849315,53.75,49.61695192372966,4.133048076270342,17.082086400761973
2025-08-19,2025-09-19,P,6411.37,6300.0,0.084931506849315,53.75,49.78583991434031,3.9641600856596924,15.71456518473746
2025-08-19,2025-09-19,P,6411.37,6400.0,0.084931506849315,79.94999999999999,82.50847821227867,2.558478212278686,6.545810762704742
2025-08-19,2025-09-19,P,6411.37,6400.0,0.084931506849315,79.94999999999999,82.77301498314897,2.8230149831489797,7.969413595083634
2025-08-19,2025-10-17,C,6411.37,5000.0,0.1616438356164383,1444.05,1457.7146079637507,13.664607963750768,186.7215108030009
2025-08-19,2025-10-17,C,6411.37,5000.0,0.1616438356164383,1444.05,1456.589564080492,12.539564080492028,157.24066732876588
2025-08-19,2025-10-17,P,6411.37,5100.0,0.1616438356164383,8.65,8.925922778902981,0.2759227789029808,0.07613337991754321
2025-08-19,2025-10-17,P,6411.37,5100.0,0.1616438356164383,8.65,8.962215417178555,0.31221541717855494,0.0974784667239791
2025-08-19,2025-10-17,P,6411.37,6150.0,0.1616438356164383,62.45,62.38788149379938,0.0621185062006262,0.003858708812597236
2025-08-19,2025-10-17,P,6411.37,6150.0,0.1616438356164383,62.45,62.63931199290365,0.1893119929036473,0.035839030657150606
2025-08-19,2025-10-17,P,6411.37,6300.0,0.1616438356164383,89.35,85.40477069561517,3.9452293043848243,15.564834264176765
2025-08-19,2025-10-17,P,6411.37,6300.0,0.1616438356164383,89.35,85.75192469393197,3.5980753060680257,12.946145908136517
2025-08-19,2025-09-30,P,6411.37,5350.0,0.1150684931506849,6.75,7.054360978756974,0.3043609787569741,0.09263560538990324
2025-08-19,2025-09-30,P,6411.37,5350.0,0.1150684931506849,6.75,7.073760918116037,0.3237609181160366,0.10482113209933894
2025-08-19,2025-10-17,P,6411.37,6150.0,0.1616438356164383,63.2,61.62874112718464,1.5712588728153634,2.468854445401006
2025-08-19,2025-10-17,P,6411.37,6150.0,0.1616438356164383,63.2,61.87895526681396,1.3210447331860422,1.7451591870785814
2025-08-20,2025-09-19,C,6395.78,6000.0,0.0821917808219178,429.7,419.6504502677171,10.049549732282912,100.99344982162755
2025-08-20,2025-09-19,C,6395.78,6000.0,0.0821917808219178,429.7,450.13475558934897,20.43475558934898,417.5792359964294
2025-08-20,2025-09-19,C,6395.78,6100.0,0.0821917808219178,338.2,356.07644053139177,17.87644053139178,319.56712607238677
2025-08-20,2025-09-19,C,6395.78,6100.0,0.0821917808219178,338.2,355.63373571086265,17.433735710862663,303.9351408362081
2025-08-20,2025-09-19,P,6395.78,5900.0,0.0821917808219178,13.3,14.864232212118765,1.564232212118764,2.446822413429962
2025-08-20,2025-09-19,P,6395.78,5900.0,0.0821917808219178,13.3,14.90663833804953,1.60663833804953,2.581286749290556
2025-08-20,2025-09-19,P,6395.78,6000.0,0.0821917808219178,18.7,19.369099603734522,0.6690996037345229,0.4476942797176956
2025-08-20,2025-09-19,P,6395.78,6000.0,0.0821917808219178,18.7,19.427235746568403,0.7272357465684038,0.5288718310869037
2025-08-20,2025-09-19,P,6395.78,6050.0,0.0821917808219178,22.4,24.90217135368099,2.5021713536809926,6.260861483181771
2025-08-20,2025-09-19,P,6395.78,6050.0,0.0821917808219178,22.4,24.977124465305195,2.5771244653051966,6.641570509674596
2025-08-20,2025-10-17,C,6395.78,5000.0,0.1589041095890411,1428.3000000000002,1441.566644875828,13.266644875827751,176.00386626132672
2025-08-20,2025-10-17,C,6395.78,5000.0,0.1589041095890411,1428.3000000000002,1440.4972918076737,12.197291807673537,148.77392744153997
2025-08-20,2025-10-17,P,6395.78,5400.0,0.1589041095890411,13.45,14.033233729284014,0.5832337292840144,0.340161582974539
2025-08-20,2025-10-17,P,6395.78,5400.0,0.1589041095890411,13.45,14.07601632452486,0.6260163245248602,0.3918964385716151
2025-08-20,2025-10-17,P,6395.78,5500.0,0.1589041095890411,16.0,16.87779658940781,0.8777965894078115,0.770526852375986
2025-08-20,2025-10-17,P,6395.78,5500.0,0.1589041095890411,16.0,16.9297340420674,0.9297340420673983,0.8644053889789828
2025-08-20,2025-10-17,P,6395.78,5540.0,0.1589041095890411,17.25,17.13849027428628,0.11150972571372009,0.012434418928749087
2025-08-20,2025-10-17,P,6395.78,5540.0,0.1589041095890411,17.25,17.192726380506485,0.057273619493514616,0.0032802674898878975
2025-08-20,2025-10-17,P,6395.78,5700.0,0.1589041095890411,23.85,24.282912542877607,0.43291254287760594,0.187413269780755
2025-08-20,2025-10-17,P,6395.78,5700.0,0.1589041095890411,23.85,24.365437953803994,0.5154379538039926,0.2656762842216468
2025-08-20,2025-09-30,P,6395.78,5850.0,0.1123287671232876,19.25,17.570180175341704,1.6798198246582956,2.821794643315027
2025-08-20,2025-09-30,P,6395.78,5850.0,0.1123287671232876,19.25,17.62667990992745,1.62332009007255,2.6351681148331516
2025-08-20,2025-09-30,P,6395.78,5950.0,0.1123287671232876,25.55,26.096963376634704,0.5469633766347037,0.2991689353796368
2025-08-20,2025-09-30,P,6395.78,5950.0,0.1123287671232876,25.55,26.18254062155007,0.6325406215500706,0.40010763791094967
2025-08-18,2025-10-17,C,174.03,170.0,0.1643835616438356,16.375,16.095299523678527,0.279700476321473,0.07823235645445888
2025-08-18,2025-10-17,C,174.03,170.0,0.1643835616438356,16.375,16.075784318276096,0.2992156817239042,0.08953002418950075
2025-08-18,2025-09-19,P,6449.15,5500.0,0.0876712328767123,4.9,5.3873295677848345,0.48732956778483416,0.2374901076373533
2025-08-18,2025-09-19,P,6449.15,5500.0,0.0876712328767123,4.9,5.400913375962041,0.5009133759620408,0.2509142102176888
2025-08-18,2025-09-19,P,6449.15,5600.0,0.0876712328767123,5.699999999999999,6.970396570717866,1.2703965707178666,1.6139074468917154
2025-08-18,2025-09-19,P,6449.15,5600.0,0.0876712328767123,5.699999999999999,6.988765245861847,1.288765245861848,1.6609158589413493
2025-08-18,2025-10-17,P,6449.15,5500.0,0.1643835616438356,13.85,13.600420750375763,0.2495792496242366,0.06228980184299701
2025-08-18,2025-10-17,P,6449.15,5500.0,0.1643835616438356,13.85,13.64642766700608,0.20357233299391986,0.04144169476058739
2025-08-18,2025-10-17,P,6449.15,5600.0,0.1643835616438356,16.549999999999997,16.532621619739537,0.017378380260460347,0.00030200810047715783
2025-08-18,2025-10-17,P,6449.15,5600.0,0.1643835616438356,16.549999999999997,16.592045273921745,0.042045273921747395,0.0017678050591547715
2025-08-19,2025-09-30,P,6411.37,6000.0,0.1150684931506849,28.35,28.21981892770878,0.13018107229122222,0.016947111582892426
2025-08-19,2025-09-30,P,6411.37,6000.0,0.1150684931506849,28.35,28.319193450410367,0.030806549589634358,0.0009490434976186008
2025-08-20,2025-09-19,C,6395.78,6300.0,0.0821917808219178,170.1,186.5365336372408,16.436533637240814,270.15963800814876
2025-08-20,2025-09-19,C,6395.78,6300.0,0.0821917808219178,170.1,186.15225269320774,16.05225269320775,257.6748165265954
2025-08-20,2025-09-19,C,6395.78,6365.0,0.0821917808219178,122.3,118.61740367869174,3.682596321308253,13.56151566571308
2025-08-20,2025-09-19,C,6395.78,6365.0,0.0821917808219178,122.3,118.30281616712122,3.9971838328787754,15.977478593827458
2025-08-20,2025-09-19,C,6395.78,6375.0,0.0821917808219178,115.4,118.82603509810093,3.4260350981009253,11.737716493419416
2025-08-20,2025-09-19,C,6395.78,6375.0,0.0821917808219178,115.4,118.50924824515613,3.109248245156124,9.667424650006435
2025-08-20,2025-09-19,C,6395.78,6380.0,0.0821917808219178,112.05,118.77565290819145,6.725652908191449,45.2344070414641
2025-08-20,2025-09-19,C,6395.78,6380.0,0.0821917808219178,112.05,118.45795673670243,6.407956736702431,41.06190953945007
2025-08-20,2025-09-19,P,6395.78,5100.0,0.0821917808219178,2.825,3.4979953671834827,0.6729953671834825,0.45292276425043043
2025-08-20,2025-09-19,P,6395.78,5100.0,0.0821917808219178,2.825,3.504329660383681,0.6793296603836807,0.46148878747700695
2025-08-20,2025-09-19,P,6395.78,5150.0,0.0821917808219178,3.075,3.6802789867520893,0.6052789867520891,0.3663626518036357
2025-08-20,2025-09-19,P,6395.78,5150.0,0.0821917808219178,3.075,3.6872360869885945,0.6122360869885943,0.37483302621110565
2025-08-20,2025-09-19,P,6395.78,5300.0,0.0821917808219178,3.8,4.6592713148623215,0.8592713148623217,0.7383471925452232
2025-08-20,2025-09-19,P,6395.78,5300.0,0.0821917808219178,3.8,4.668895562082544,0.8688955620825443,0.7549794978067406
2025-08-20,2025-09-19,P,6395.78,5375.0,0.0821917808219178,4.25,4.96666359860094,0.71666359860094,0.5136067135596493
2025-08-20,2025-09-19,P,6395.78,5375.0,0.0821917808219178,4.25,4.977109960288606,0.7271099602886064,0.5286888943508988
2025-08-20,2025-10-17,C,6395.78,6000.0,0.1589041095890411,474.3,482.3230288414501,8.02302884145007,64.36899179073966
2025-08-20,2025-10-17,C,6395.78,6000.0,0.1589041095890411,474.3,481.56375596167373,7.2637559616737235,52.76215067075056
2025-08-20,2025-10-17,P,6395.78,5800.0,0.1589041095890411,29.6,28.336670225852036,1.2633297741479659,1.5960021182487505
2025-08-20,2025-10-17,P,6395.78,5800.0,0.1589041095890411,29.6,28.43306828211491,1.1669317178850918,1.3617296342062515
2025-08-20,2025-10-17,P,6395.78,5850.0,0.1589041095890411,33.0,32.73655673697884,0.26344326302115917,0.06940235283123565
2025-08-20,2025-10-17,P,6395.78,5850.0,0.1589041095890411,33.0,32.84985398084497,0.15014601915503079,0.022543827068102873
2025-08-18,2025-09-19,P,335.16,280.0,0.0876712328767123,2.075,2.0327213027670696,0.04227869723293054,0.0017874882397138085
2025-08-18,2025-09-19,P,335.16,280.0,0.0876712328767123,2.075,2.035991134590928,0.039008865409072335,0.0015216915805031201
2025-08-18,2025-09-19,P,335.16,300.0,0.0876712328767123,4.5,4.67464308757211,0.1746430875721101,0.030500208036719722
2025-08-18,2025-09-19,P,335.16,300.0,0.0876712328767123,4.5,4.679523510517663,0.17952351051766335,0.032228690828585586
2025-08-18,2025-09-19,P,335.16,320.0,0.0876712328767123,9.8,9.90317864599171,0.10317864599170967,0.010645832988682546
2025-08-18,2025-09-19,P,335.16,320.0,0.0876712328767123,9.8,9.912188610934795,0.11218861093479404,0.012586284423478589
2025-08-18,2025-09-19,P,335.16,330.0,0.0876712328767123,13.9,14.187768132298999,0.2877681322989982,0.08281049796685375
2025-08-18,2025-09-19,P,335.16,330.0,0.0876712328767123,13.9,14.199543868532027,0.29954386853202664,0.08972652917513206
2025-08-18,2025-10-17,C,335.16,325.0,0.1643835616438356,31.8,32.61103228172578,0.811032281725776,0.6577733620013185
2025-08-18,2025-10-17,C,335.16,325.0,0.1643835616438356,31.8,32.57122475433533,0.7712247543353321,0.5947876216995933
2025-08-18,2025-10-17,C,335.16,335.0,0.1643835616438356,26.7,27.366447226249363,0.6664472262493639,0.4441519053754709
2025-08-18,2025-10-17,C,335.16,335.0,0.1643835616438356,26.7,27.330624132027303,0.6306241320273038,0.39768679589519035
2025-08-19,2025-10-17,C,329.31,325.0,0.1616438356164383,28.275,28.996828440002762,0.7218284400027635,0.5210362967968231
2025-08-19,2025-10-17,C,329.31,325.0,0.1616438356164383,28.275,28.96034110794149,0.6853411079414897,0.46969243423446866
2025-08-20,2025-09-19,C,323.9,320.0,0.0821917808219178,19.3,19.828386891085,0.5283868910849989,0.2791927066704705
2025-08-20,2025-09-19,C,323.9,320.0,0.0821917808219178,19.3,19.816031845572695,0.5160318455726944,0.26628886564516113
2025-08-18,2025-10-17,P,174.03,165.0,0.1643835616438356,9.05,8.937307041836847,0.11269295816315328,0.012699702819562215
2025-08-18,2025-10-17,P,174.03,165.0,0.1643835616438356,9.05,8.950512024581572,0.09948797541842858,0.009897857252857849
2025-08-18,2025-10-17,P,174.03,170.0,0.1643835616438356,11.075,11.251058877826015,0.1760588778260157,0.030996728461355923
2025-08-18,2025-10-17,P,174.03,170.0,0.1643835616438356,11.075,11.266512049963847,0.19151204996384763,0.03667686528135527
2025-08-18,2025-09-19,P,6449.15,6050.0,0.0876712328767123,17.4,19.97000215547525,2.570002155475251,6.604911079147437
2025-08-18,2025-09-19,P,6449.15,6050.0,0.0876712328767123,17.4,20.034768536623833,2.6347685366238345,6.942005241582902
2025-08-18,2025-09-19,P,6449.15,6100.0,0.0876712328767123,20.65,20.50577380516939,0.14422619483060828,0.020801195275316577
2025-08-18,2025-09-19,P,6449.15,6100.0,0.0876712328767123,20.65,20.575607446928718,0.07439255307128079,0.005534251952463328
2025-08-18,2025-09-19,P,6449.15,6150.0,0.0876712328767123,24.7,26.192809342036778,1.4928093420367787,2.22847973167228
2025-08-18,2025-09-19,P,6449.15,6150.0,0.0876712328767123,24.7,26.283192665987446,1.583192665987447,2.5064990176364397
2025-08-18,2025-09-26,P,6449.15,6200.0,0.1068493150684931,38.1,36.038899320244504,2.061100679755498,4.248136012088575
2025-08-18,2025-09-26,P,6449.15,6200.0,0.1068493150684931,38.1,36.17297457619318,1.9270254238068247,3.7134269839978726
2025-08-19,2025-09-19,P,6411.37,5000.0,0.084931506849315,2.7,3.161069618823427,0.4610696188234269,0.21258519340198018
2025-08-19,2025-09-19,P,6411.37,5000.0,0.084931506849315,2.7,3.1694495500267155,0.4694495500267153,0.22038288002028547
2025-08-19,2025-10-17,C,6411.37,6000.0,0.1616438356164383,488.25,488.30366078495473,0.05366078495472948,0.0028794798419577218
2025-08-19,2025-10-17,C,6411.37,6000.0,0.1616438356164383,488.25,487.4962870917955,0.7537129082044771,0.5680831479940506
2025-08-19,2025-09-30,P,6411.37,5750.0,0.1150684931506849,14.5,13.383082705534267,1.1169172944657326,1.247504242676652
2025-08-19,2025-09-30,P,6411.37,5750.0,0.1150684931506849,14.5,13.428477563464677,1.0715224365353233,1.148160331998596
2025-08-19,2025-09-30,P,6411.37,5850.0,0.1150684931506849,18.75,18.77662513012194,0.026625130121939122,0.0007088975540101899
2025-08-19,2025-09-30,P,6411.37,5850.0,0.1150684931506849,18.75,18.838593876613093,0.0885938766130927,0.007848874973335895
2025-08-20,2025-09-19,C,6395.78,6385.0,0.0821917808219178,108.75,118.68158106625285,9.931581066252846,98.63630247555203
2025-08-20,2025-09-19,C,6395.78,6385.0,0.0821917808219178,108.75,118.36302636842551,9.613026368425508,92.41027596004412
2025-08-20,2025-09-19,C,6395.78,6390.0,0.0821917808219178,105.55,118.37269680760981,12.822696807609816,164.42155341988698
2025-08-20,2025-09-19,C,6395.78,6390.0,0.0821917808219178,105.55,118.05356500980064,12.503565009800639,156.33913795431084
2025-08-20,2025-09-19,C,6395.78,6395.0,0.0821917808219178,102.25,98.31642876524725,3.9335712347527476,15.472982658874255
2025-08-20,2025-09-19,C,6395.78,6395.0,0.0821917808219178,102.25,98.02966644957489,4.22033355042511,17.811215276843814
2025-08-20,2025-09-19,P,6395.78,5600.0,0.0821917808219178,6.15,7.486519698600023,1.3365196986000223,1.7862849047458944
2025-08-20,2025-09-19,P,6395.78,5600.0,0.0821917808219178,6.15,7.505646039485192,1.3556460394851912,1.8377761843718847
2025-08-20,2025-10-17,P,6395.78,5000.0,0.1589041095890411,7.800000000000001,8.189028875684714,0.3890288756847138,0.15134346611651248
2025-08-20,2025-10-17,P,6395.78,5000.0,0.1589041095890411,7.800000000000001,8.219108551512091,0.4191085515120907,0.17565197795056278
2025-08-20,2025-09-30,P,6395.78,6100.0,0.1123287671232876,39.45,40.30374829775633,0.8537482977563258,0.7288861559218239
2025-08-20,2025-09-30,P,6395.78,6100.0,0.1123287671232876,39.45,40.44449384415272,0.9944938441527142,0.9890180060576431
2025-08-20,2025-09-19,P,323.9,280.0,0.0821917808219178,3.2,3.215831194181376,0.015831194181375796,0.00025062670920842684
2025-08-20,2025-09-19,P,323.9,280.0,0.0821917808219178,3.2,3.2202227058349138,0.02022270583491359,0.0004089578312854482
2025-08-20,2025-09-19,P,323.9,285.0,0.0821917808219178,3.875,3.8413576261541507,0.03364237384584934,0.0011318093179838876
2025-08-20,2025-09-19,P,323.9,285.0,0.0821917808219178,3.875,3.844882621183432,0.030117378816568063,0.0009070565067806627
2025-08-20,2025-09-19,P,323.9,290.0,0.0821917808219178,4.675000000000001,4.809003317894018,0.13400331789401765,0.01795688920660515
2025-08-20,2025-09-19,P,323.9,290.0,0.0821917808219178,4.675000000000001,4.8133892634679665,0.13838926346796576,0.019151588243206043
2025-08-20,2025-09-19,P,323.9,295.0,0.0821917808219178,5.65,5.670991055914376,0.020991055914375778,0.00044062442840045034
2025-08-20,2025-09-19,P,323.9,295.0,0.0821917808219178,5.65,5.676023807551452,0.02602380755145184,0.0006772385594750017
2025-08-20,2025-09-19,P,323.9,300.0,0.0821917808219178,6.85,6.833958949642716,0.016041050357283204,0.0002573152965648956
2025-08-20,2025-09-19,P,323.9,300.0,0.0821917808219178,6.85,6.839906881238213,0.010093118761786535,0.00010187104633952735
2025-08-20,2025-09-19,P,323.9,305.0,0.0821917808219178,8.25,8.245816893323468,0.004183106676531878,1.7498381467245576e-05
2025-08-20,2025-09-19,P,323.9,305.0,0.0821917808219178,8.25,8.25282008636037,0.002820086360369345,7.952887079941219e-06
2025-08-20,2025-09-19,P,323.9,310.0,0.0821917808219178,9.875,9.987022119820946,0.11202211982094568,0.01254895532917831
2025-08-20,2025-09-19,P,323.9,310.0,0.0821917808219178,9.875,9.995093434655269,0.1200934346552689,0.01442243304729934
2025-08-20,2025-09-19,P,323.9,315.0,0.0821917808219178,11.75,12.122235851432254,0.37223585143225435,0.13855952909149533
2025-08-20,2025-09-19,P,323.9,315.0,0.0821917808219178,11.75,12.131663576783279,0.38166357678327856,0.14566708584300556
2025-08-20,2025-09-19,P,323.9,320.0,0.0821917808219178,13.9,13.783142958811105,0.1168570411888954,0.013655568075423195
2025-08-20,2025-09-19,P,323.9,320.0,0.0821917808219178,13.9,13.793566045661303,0.10643395433869784,0.011328186636172018
2025-08-20,2025-10-17,C,323.9,320.0,0.1589041095890411,27.525,28.02093740187104,0.49593740187104274,0.24595390657460015
2025-08-20,2025-10-17,C,323.9,320.0,0.1589041095890411,27.525,27.98745179301715,0.4624517930171521,0.2138616608647789
2025-08-20,2025-09-19,P,2269.351,2200.0,0.0821917808219178,28.85,28.662947522923034,0.1870524770769677,0.034988629180629525
2025-08-20,2025-09-19,P,2269.351,2200.0,0.0821917808219178,28.85,28.71622448897904,0.13377551102096064,0.01789588734891916
2025-08-18,2025-09-30,P,6449.15,6175.0,0.1178082191780822,38.85,35.897121022744805,2.952878977255196,8.719494254315693
2025-08-18,2025-09-30,P,6449.15,6175.0,0.1178082191780822,38.85,36.04284876312257,2.8071512368774307,7.880098066702489
2025-08-19,2025-09-19,P,6411.37,6150.0,0.084931506849315,30.9,29.54663144244809,1.35336855755191,1.8316064525701379
2025-08-19,2025-09-19,P,6411.37,6150.0,0.084931506849315,30.9,29.64581562122525,1.2541843787747489,1.5729784559626028
2025-08-19,2025-09-19,P,6411.37,6200.0,0.084931506849315,37.0,37.40142240850823,0.40142240850823185,0.16113995005254977
2025-08-19,2025-09-19,P,6411.37,6200.0,0.084931506849315,37.0,37.52892606174283,0.5289260617428297,0.27976277879077976
2025-08-19,2025-10-17,P,6411.37,5540.0,0.1616438356164383,16.8,17.648411590425287,0.848411590425286,0.7198022267679632
2025-08-19,2025-10-17,P,6411.37,5540.0,0.1616438356164383,16.8,17.70640509576959,0.906405095769589,0.821570197637078
2025-08-19,2025-10-17,P,6411.37,5650.0,0.1616438356164383,20.85,21.830856850378993,0.9808568503789914,0.9620801609353952
2025-08-19,2025-10-17,P,6411.37,5650.0,0.1616438356164383,20.85,21.90656277206134,1.056562772061337,1.116324891305937
2025-08-19,2025-10-17,P,6411.37,5750.0,0.1616438356164383,25.7,25.119607137345145,0.580392862654854,0.33685587502069625
2025-08-19,2025-10-17,P,6411.37,5750.0,0.1616438356164383,25.7,25.211564058440086,0.48843594155991354,0.23856966900751927
2025-08-20,2025-09-19,P,6395.78,6100.0,0.0821917808219178,26.85,26.128445298247716,0.7215547017522859,0.5206411876208302
2025-08-20,2025-09-19,P,6395.78,6100.0,0.0821917808219178,26.85,26.21039907945158,0.6396009205484212,0.4090893375663878
2025-08-20,2025-09-19,P,6395.78,6150.0,0.0821917808219178,32.45,34.11269747584232,1.6626974758423145,2.764562896172404
2025-08-20,2025-09-19,P,6395.78,6150.0,0.0821917808219178,32.45,34.21936416298947,1.7693641629894685,3.1306495412714224
2025-08-20,2025-09-19,P,6395.78,6175.0,0.0821917808219178,35.65,38.78591058698642,3.1359105869864194,9.833935209573509
2025-08-20,2025-09-19,P,6395.78,6175.0,0.0821917808219178,35.65,38.90723840722937,3.257238407229373,10.609602041530142
2025-08-20,2025-09-19,P,6395.78,6200.0,0.0821917808219178,39.2,36.000181829404,3.1998181705960036,10.238836324876354
2025-08-20,2025-09-19,P,6395.78,6200.0,0.0821917808219178,39.2,36.11791611072306,3.0820838892769444,9.499241100540496
2025-08-20,2025-09-19,P,6395.78,6250.0,0.0821917808219178,47.55,47.04997933848918,0.5000206615108169,0.25002066193771494
2025-08-20,2025-09-19,P,6395.78,6250.0,0.0821917808219178,47.55,47.19306486264539,0.35693513735460414,0.12740269227835013
2025-08-19,2025-10-17,P,329.31,325.0,0.1616438356164383,21.5,21.072167944165415,0.4278320558345854,0.1830402679996478
2025-08-19,2025-10-17,P,329.31,325.0,0.1616438356164383,21.5,21.102038763410235,0.3979612365897651,0.158373145828055
2025-08-18,2025-09-19,C,174.03,170.0,0.0876712328767123,12.175,12.034611949395174,0.14038805060482673,0.01970880475262339
2025-08-18,2025-09-19,C,174.03,170.0,0.0876712328767123,12.175,12.02732707254868,0.1476729274513211,0.021807293502043145
