date,exdate,strike_price,impl_volatility,best_bid,best_offer,cp_flag,volume,open_interest,delta,gamma,theta,vega,spot_price,days,rate,mid_price,spread,spread_pct,moneyness,tau (time to maturity)
2025-08-18,2025-09-19,5000.0,0.388298,2.4,2.55,P,2047.0,299203.0,-0.009688,3.6e-05,-108.5664,48.72421,6449.15,30.0,4.737787,2.4749999999999996,0.1499999999999999,0.06060606060606058,0.775295969236256,0.08767123287671233
2025-08-18,2025-09-19,5000.0,0.388298,2.4,2.55,P,2047.0,299203.0,-0.009688,3.6e-05,-108.5664,48.72421,6449.15,60.0,4.675686,2.4749999999999996,0.1499999999999999,0.06060606060606058,0.775295969236256,0.08767123287671233
2025-08-18,2025-09-19,5500.0,0.287457,4.8,5.0,P,2387.0,26498.0,-0.023507,0.000103,-169.7385,104.3057,6449.15,30.0,4.737787,4.9,0.20000000000000018,0.040816326530612276,0.8528255661598816,0.08767123287671233
2025-08-18,2025-09-19,5500.0,0.287457,4.8,5.0,P,2387.0,26498.0,-0.023507,0.000103,-169.7385,104.3057,6449.15,60.0,4.675686,4.9,0.20000000000000018,0.040816326530612276,0.8528255661598816,0.08767123287671233
2025-08-18,2025-09-19,5600.0,0.267054,5.6,5.8,P,1703.0,29336.0,-0.028702,0.000131,-185.5329,123.2653,6449.15,30.0,4.737787,5.699999999999999,0.20000000000000018,0.03508771929824565,0.8683314855446067,0.08767123287671233
2025-08-18,2025-09-19,5600.0,0.267054,5.6,5.8,P,1703.0,29336.0,-0.028702,0.000131,-185.5329,123.2653,6449.15,60.0,4.675686,5.699999999999999,0.20000000000000018,0.03508771929824565,0.8683314855446067,0.08767123287671233
2025-08-18,2025-09-19,5650.0,0.25705,6.1,6.3,P,1219.0,12628.0,-0.031975,0.000148,-194.7975,134.8023,6449.15,30.0,4.737787,6.199999999999999,0.20000000000000018,0.032258064516129066,0.8760844452369693,0.08767123287671233
2025-08-18,2025-09-19,5650.0,0.25705,6.1,6.3,P,1219.0,12628.0,-0.031975,0.000148,-194.7975,134.8023,6449.15,60.0,4.675686,6.199999999999999,0.20000000000000018,0.032258064516129066,0.8760844452369693,0.08767123287671233
2025-08-18,2025-09-19,5675.0,0.252231,6.4,6.6,P,1170.0,7457.0,-0.033892,0.000159,-200.2658,141.4292,6449.15,30.0,4.737787,6.5,0.1999999999999993,0.03076923076923066,0.8799609250831505,0.08767123287671233
2025-08-18,2025-09-19,5675.0,0.252231,6.4,6.6,P,1170.0,7457.0,-0.033892,0.000159,-200.2658,141.4292,6449.15,60.0,4.675686,6.5,0.1999999999999993,0.03076923076923066,0.8799609250831505,0.08767123287671233
2025-08-18,2025-09-19,5700.0,0.247273,6.7,6.9,P,1355.0,33396.0,-0.035883,0.00017,-205.4458,148.2137,6449.15,30.0,4.737787,6.800000000000001,0.20000000000000018,0.029411764705882377,0.8838374049293318,0.08767123287671233
2025-08-18,2025-09-19,5700.0,0.247273,6.7,6.9,P,1355.0,33396.0,-0.035883,0.00017,-205.4458,148.2137,6449.15,60.0,4.675686,6.800000000000001,0.20000000000000018,0.029411764705882377,0.8838374049293318,0.08767123287671233
2025-08-18,2025-09-19,5750.0,0.23758,7.4,7.6,P,1256.0,12629.0,-0.040488,0.000195,-217.128,163.5542,6449.15,30.0,4.737787,7.5,0.1999999999999993,0.02666666666666657,0.8915903646216944,0.08767123287671233
2025-08-18,2025-09-19,5750.0,0.23758,7.4,7.6,P,1256.0,12629.0,-0.040488,0.000195,-217.128,163.5542,6449.15,60.0,4.675686,7.5,0.1999999999999993,0.02666666666666657,0.8915903646216944,0.08767123287671233
2025-08-18,2025-09-19,5775.0,0.232796,7.8,8.0,P,1441.0,5706.0,-0.043123,0.000209,-223.5097,172.12,6449.15,30.0,4.737787,7.9,0.20000000000000018,0.025316455696202552,0.8954668444678756,0.08767123287671233
2025-08-18,2025-09-19,5775.0,0.232796,7.8,8.0,P,1441.0,5706.0,-0.043123,0.000209,-223.5097,172.12,6449.15,60.0,4.675686,7.9,0.20000000000000018,0.025316455696202552,0.8954668444678756,0.08767123287671233
2025-08-18,2025-09-19,5800.0,0.22812,8.2,8.5,P,1952.0,40893.0,-0.046056,0.000225,-230.5159,181.4897,6449.15,30.0,4.737787,8.35,0.3000000000000007,0.03592814371257494,0.899343324314057,0.08767123287671233
2025-08-18,2025-09-19,5800.0,0.22812,8.2,8.5,P,1952.0,40893.0,-0.046056,0.000225,-230.5159,181.4897,6449.15,60.0,4.675686,8.35,0.3000000000000007,0.03592814371257494,0.899343324314057,0.08767123287671233
2025-08-18,2025-09-19,6000.0,0.194483,14.6,14.9,P,3658.0,336024.0,-0.08583,0.000429,-312.6748,294.5742,6449.15,30.0,4.737787,14.75,0.3000000000000007,0.020338983050847505,0.9303551630835072,0.08767123287671233
2025-08-18,2025-09-19,6000.0,0.194483,14.6,14.9,P,3658.0,336024.0,-0.08583,0.000429,-312.6748,294.5742,6449.15,60.0,4.675686,14.75,0.3000000000000007,0.020338983050847505,0.9303551630835072,0.08767123287671233
2025-08-18,2025-09-19,6050.0,0.186541,17.2,17.6,P,1205.0,54989.0,-0.102031,0.000508,-338.3133,334.6828,6449.15,30.0,4.737787,17.4,0.40000000000000213,0.02298850574712656,0.9381081227758697,0.08767123287671233
2025-08-18,2025-09-19,6050.0,0.186541,17.2,17.6,P,1205.0,54989.0,-0.102031,0.000508,-338.3133,334.6828,6449.15,60.0,4.675686,17.4,0.40000000000000213,0.02298850574712656,0.9381081227758697,0.08767123287671233
2025-08-18,2025-09-19,6100.0,0.178615,20.4,20.9,P,1031.0,31997.0,-0.121817,0.000602,-364.6102,379.9289,6449.15,30.0,4.737787,20.65,0.5,0.02421307506053269,0.9458610824682323,0.08767123287671233
2025-08-18,2025-09-19,6100.0,0.178615,20.4,20.9,P,1031.0,31997.0,-0.121817,0.000602,-364.6102,379.9289,6449.15,60.0,4.675686,20.65,0.5,0.02421307506053269,0.9458610824682323,0.08767123287671233
2025-08-18,2025-09-19,6150.0,0.170794,24.5,24.9,P,2543.0,23619.0,-0.146169,0.000714,-391.1401,430.6449,6449.15,30.0,4.737787,24.7,0.3999999999999986,0.016194331983805613,0.9536140421605949,0.08767123287671233
2025-08-18,2025-09-19,6150.0,0.170794,24.5,24.9,P,2543.0,23619.0,-0.146169,0.000714,-391.1401,430.6449,6449.15,60.0,4.675686,24.7,0.3999999999999986,0.016194331983805613,0.9536140421605949,0.08767123287671233
2025-08-18,2025-09-19,6300.0,0.14605,42.8,43.3,P,1680.0,39169.0,-0.255447,0.001171,-446.1398,603.969,6449.15,30.0,4.737787,43.05,0.5,0.011614401858304297,0.9768729212376825,0.08767123287671233
2025-08-18,2025-09-19,6300.0,0.14605,42.8,43.3,P,1680.0,39169.0,-0.255447,0.001171,-446.1398,603.969,6449.15,60.0,4.675686,43.05,0.5,0.011614401858304297,0.9768729212376825,0.08767123287671233
2025-08-18,2025-09-19,6400.0,0.128944,63.9,64.4,P,1065.0,27814.0,-0.374372,0.001563,-433.3209,712.1384,6449.15,30.0,4.737787,64.15,0.5000000000000071,0.0077942322681217,0.9923788406224077,0.08767123287671233
2025-08-18,2025-09-19,6400.0,0.128944,63.9,64.4,P,1065.0,27814.0,-0.374372,0.001563,-433.3209,712.1384,6449.15,60.0,4.675686,64.15,0.5000000000000071,0.0077942322681217,0.9923788406224077,0.08767123287671233
2025-08-18,2025-10-17,4600.0,0.395381,4.5,4.7,P,1125.0,4572.0,-0.012291,3.1e-05,-97.58382,82.67607,6449.15,30.0,4.737787,4.6,0.20000000000000018,0.04347826086956526,0.7132722916973555,0.1643835616438356
2025-08-18,2025-10-17,4600.0,0.395381,4.5,4.7,P,1125.0,4572.0,-0.012291,3.1e-05,-97.58382,82.67607,6449.15,60.0,4.675686,4.6,0.20000000000000018,0.04347826086956526,0.7132722916973555,0.1643835616438356
2025-08-18,2025-10-17,5000.0,0.331873,7.0,7.3,P,2345.0,72686.0,-0.021426,6e-05,-130.4889,133.0662,6449.15,30.0,4.737787,7.15,0.2999999999999998,0.04195804195804193,0.775295969236256,0.1643835616438356
2025-08-18,2025-10-17,5000.0,0.331873,7.0,7.3,P,2345.0,72686.0,-0.021426,6e-05,-130.4889,133.0662,6449.15,60.0,4.675686,7.15,0.2999999999999998,0.04195804195804193,0.775295969236256,0.1643835616438356
2025-08-18,2025-10-17,5500.0,0.256332,13.7,14.0,P,1428.0,24027.0,-0.048232,0.000151,-192.3378,259.7951,6449.15,30.0,4.737787,13.85,0.3000000000000007,0.021660649819494636,0.8528255661598816,0.1643835616438356
2025-08-18,2025-10-17,5500.0,0.256332,13.7,14.0,P,1428.0,24027.0,-0.048232,0.000151,-192.3378,259.7951,6449.15,60.0,4.675686,13.85,0.3000000000000007,0.021660649819494636,0.8528255661598816,0.1643835616438356
2025-08-18,2025-10-17,5600.0,0.242929,16.4,16.7,P,1064.0,11613.0,-0.058917,0.000186,-212.1071,304.4394,6449.15,30.0,4.737787,16.549999999999997,0.3000000000000007,0.018126888217522705,0.8683314855446067,0.1643835616438356
2025-08-18,2025-10-17,5600.0,0.242929,16.4,16.7,P,1064.0,11613.0,-0.058917,0.000186,-212.1071,304.4394,6449.15,60.0,4.675686,16.549999999999997,0.3000000000000007,0.018126888217522705,0.8683314855446067,0.1643835616438356
2025-08-18,2025-10-17,5700.0,0.230056,19.9,20.3,P,1567.0,15530.0,-0.072868,0.000232,-234.8605,358.968,6449.15,30.0,4.737787,20.1,0.40000000000000213,0.019900497512437915,0.8838374049293318,0.1643835616438356
2025-08-18,2025-10-17,5700.0,0.230056,19.9,20.3,P,1567.0,15530.0,-0.072868,0.000232,-234.8605,358.968,6449.15,60.0,4.675686,20.1,0.40000000000000213,0.019900497512437915,0.8838374049293318,0.1643835616438356
2025-08-18,2025-10-17,6000.0,0.192122,38.0,38.4,P,2172.0,70704.0,-0.144301,0.000456,-309.2767,588.9008,6449.15,30.0,4.737787,38.2,0.3999999999999986,0.010471204188481638,0.9303551630835072,0.1643835616438356
2025-08-18,2025-10-17,6000.0,0.192122,38.0,38.4,P,2172.0,70704.0,-0.144301,0.000456,-309.2767,588.9008,6449.15,60.0,4.675686,38.2,0.3999999999999986,0.010471204188481638,0.9303551630835072,0.1643835616438356
2025-08-18,2025-10-17,6400.0,0.137594,99.5,100.2,P,1710.0,8045.0,-0.386321,0.001072,-313.1898,991.5587,6449.15,30.0,4.737787,99.85,0.7000000000000028,0.0070105157736605195,0.9923788406224077,0.1643835616438356
2025-08-18,2025-10-17,6400.0,0.137594,99.5,100.2,P,1710.0,8045.0,-0.386321,0.001072,-313.1898,991.5587,6449.15,60.0,4.675686,99.85,0.7000000000000028,0.0070105157736605195,0.9923788406224077,0.1643835616438356
2025-08-18,2025-09-26,6200.0,0.162338,37.9,38.3,P,1070.0,800.0,-0.195638,0.000807,-385.3781,582.2889,6449.15,30.0,4.737787,38.099999999999994,0.3999999999999986,0.010498687664041958,0.9613670018529574,0.10684931506849316
2025-08-18,2025-09-26,6200.0,0.162338,37.9,38.3,P,1070.0,800.0,-0.195638,0.000807,-385.3781,582.2889,6449.15,60.0,4.675686,38.099999999999994,0.3999999999999986,0.010498687664041958,0.9613670018529574,0.10684931506849316
2025-08-18,2025-09-30,6175.0,0.165,38.7,39.0,P,1061.0,1752.0,-0.18853,0.000739,-365.5376,597.6808,6449.15,30.0,4.737787,38.85,0.29999999999999716,0.0077220077220076485,0.9574905220067761,0.1178082191780822
2025-08-18,2025-09-30,6175.0,0.165,38.7,39.0,P,1061.0,1752.0,-0.18853,0.000739,-365.5376,597.6808,6449.15,60.0,4.675686,38.85,0.29999999999999716,0.0077220077220076485,0.9574905220067761,0.1178082191780822
2025-08-19,2025-09-19,6000.0,0.18643,443.8,447.0,C,4089.0,314448.0,0.907253,0.000482,-551.1028,303.5251,6411.37,30.0,4.737034,445.4,3.1999999999999886,0.0071845532105971905,0.9358374263222993,0.08493150684931507
2025-08-19,2025-09-19,6000.0,0.18643,443.8,447.0,C,4089.0,314448.0,0.907253,0.000482,-551.1028,303.5251,6411.37,60.0,4.674813,445.4,3.1999999999999886,0.0071845532105971905,0.9358374263222993,0.08493150684931507
2025-08-19,2025-09-19,5000.0,0.390942,2.65,2.75,P,5030.0,303352.0,-0.010628,3.9e-05,-120.0502,51.65546,6411.37,30.0,4.737034,2.7,0.10000000000000009,0.03703703703703707,0.7798645219352495,0.08493150684931507
2025-08-19,2025-09-19,5000.0,0.390942,2.65,2.75,P,5030.0,303352.0,-0.010628,3.9e-05,-120.0502,51.65546,6411.37,60.0,4.674813,2.7,0.10000000000000009,0.03703703703703707,0.7798645219352495,0.08493150684931507
2025-08-19,2025-09-19,5100.0,0.369834,3.0,3.1,P,1409.0,18028.0,-0.012485,4.8e-05,-130.378,59.40884,6411.37,30.0,4.737034,3.05,0.10000000000000009,0.03278688524590167,0.7954618123739544,0.08493150684931507
2025-08-19,2025-09-19,5100.0,0.369834,3.0,3.1,P,1409.0,18028.0,-0.012485,4.8e-05,-130.378,59.40884,6411.37,60.0,4.674813,3.05,0.10000000000000009,0.03278688524590167,0.7954618123739544,0.08493150684931507
2025-08-19,2025-09-19,5400.0,0.30767,4.5,4.7,P,2031.0,42885.0,-0.021322,9e-05,-170.2567,93.9445,6411.37,30.0,4.737034,4.6,0.20000000000000018,0.04347826086956526,0.8422536836900694,0.08493150684931507
2025-08-19,2025-09-19,5400.0,0.30767,4.5,4.7,P,2031.0,42885.0,-0.021322,9e-05,-170.2567,93.9445,6411.37,60.0,4.674813,4.6,0.20000000000000018,0.04347826086956526,0.8422536836900694,0.08493150684931507
2025-08-19,2025-09-19,5500.0,0.286556,5.2,5.4,P,1006.0,28408.0,-0.025773,0.000114,-185.3563,110.1893,6411.37,30.0,4.737034,5.300000000000001,0.20000000000000018,0.0377358490566038,0.8578509741287743,0.08493150684931507
2025-08-19,2025-09-19,5500.0,0.286556,5.2,5.4,P,1006.0,28408.0,-0.025773,0.000114,-185.3563,110.1893,6411.37,60.0,4.674813,5.300000000000001,0.20000000000000018,0.0377358490566038,0.8578509741287743,0.08493150684931507
2025-08-19,2025-09-19,5550.0,0.276757,5.7,5.9,P,1166.0,14036.0,-0.028788,0.000129,-195.9419,120.8419,6411.37,30.0,4.737034,5.800000000000001,0.20000000000000018,0.03448275862068968,0.8656496193481269,0.08493150684931507
2025-08-19,2025-09-19,5550.0,0.276757,5.7,5.9,P,1166.0,14036.0,-0.028788,0.000129,-195.9419,120.8419,6411.37,60.0,4.674813,5.800000000000001,0.20000000000000018,0.03448275862068968,0.8656496193481269,0.08493150684931507
2025-08-19,2025-09-19,5700.0,0.247075,7.6,7.8,P,8138.0,34305.0,-0.040796,0.000193,-231.2689,160.9304,6411.37,30.0,4.737034,7.699999999999999,0.20000000000000018,0.025974025974026,0.8890455550061843,0.08493150684931507
2025-08-19,2025-09-19,5700.0,0.247075,7.6,7.8,P,8138.0,34305.0,-0.040796,0.000193,-231.2689,160.9304,6411.37,60.0,4.674813,7.699999999999999,0.20000000000000018,0.025974025974026,0.8890455550061843,0.08493150684931507
2025-08-19,2025-09-19,5800.0,0.228855,9.7,9.9,P,2610.0,41644.0,-0.053737,0.00026,-265.4752,200.7196,6411.37,30.0,4.737034,9.8,0.20000000000000107,0.02040816326530623,0.9046428454448894,0.08493150684931507
2025-08-19,2025-09-19,5800.0,0.228855,9.7,9.9,P,2610.0,41644.0,-0.053737,0.00026,-265.4752,200.7196,6411.37,60.0,4.674813,9.8,0.20000000000000107,0.02040816326530623,0.9046428454448894,0.08493150684931507
2025-08-19,2025-09-19,6000.0,0.196604,18.1,18.4,P,8413.0,338266.0,-0.103433,0.000498,-368.4799,330.5452,6411.37,30.0,4.737034,18.25,0.29999999999999716,0.016438356164383407,0.9358374263222993,0.08493150684931507
2025-08-19,2025-09-19,6000.0,0.196604,18.1,18.4,P,8413.0,338266.0,-0.103433,0.000498,-368.4799,330.5452,6411.37,60.0,4.674813,18.25,0.29999999999999716,0.016438356164383407,0.9358374263222993,0.08493150684931507
2025-08-19,2025-09-19,6050.0,0.18872,21.5,21.8,P,2185.0,54750.0,-0.123173,0.000587,-397.8774,374.4216,6411.37,30.0,4.737034,21.65,0.3000000000000007,0.013856812933025438,0.9436360715416519,0.08493150684931507
2025-08-19,2025-09-19,6050.0,0.18872,21.5,21.8,P,2185.0,54750.0,-0.123173,0.000587,-397.8774,374.4216,6411.37,60.0,4.674813,21.65,0.3000000000000007,0.013856812933025438,0.9436360715416519,0.08493150684931507
2025-08-19,2025-09-19,6150.0,0.172861,30.7,31.1,P,1981.0,24169.0,-0.176164,0.000815,-454.4929,475.6897,6411.37,30.0,4.737034,30.9,0.40000000000000213,0.012944983818770297,0.9592333619803568,0.08493150684931507
2025-08-19,2025-09-19,6150.0,0.172861,30.7,31.1,P,1981.0,24169.0,-0.176164,0.000815,-454.4929,475.6897,6411.37,60.0,4.674813,30.9,0.40000000000000213,0.012944983818770297,0.9592333619803568,0.08493150684931507
2025-08-19,2025-09-19,6200.0,0.16453,36.8,37.2,P,1847.0,27685.0,-0.210964,0.000955,-476.7256,531.0166,6411.37,30.0,4.737034,37.0,0.4000000000000057,0.010810810810810964,0.9670320071997093,0.08493150684931507
2025-08-19,2025-09-19,6200.0,0.16453,36.8,37.2,P,1847.0,27685.0,-0.210964,0.000955,-476.7256,531.0166,6411.37,60.0,4.674813,37.0,0.4000000000000057,0.010810810810810964,0.9670320071997093,0.08493150684931507
2025-08-19,2025-09-19,6300.0,0.147398,53.5,54.0,P,1833.0,39535.0,-0.304109,0.001291,-497.3877,642.7638,6411.37,30.0,4.737034,53.75,0.5,0.009302325581395349,0.9826292976384142,0.08493150684931507
2025-08-19,2025-09-19,6300.0,0.147398,53.5,54.0,P,1833.0,39535.0,-0.304109,0.001291,-497.3877,642.7638,6411.37,60.0,4.674813,53.75,0.5,0.009302325581395349,0.9826292976384142,0.08493150684931507
2025-08-19,2025-09-19,6400.0,0.130059,79.6,80.3,P,2469.0,28518.0,-0.439046,0.001648,-458.9595,724.3091,6411.37,30.0,4.737034,79.94999999999999,0.7000000000000028,0.008755472170106353,0.9982265880771193,0.08493150684931507
2025-08-19,2025-09-19,6400.0,0.130059,79.6,80.3,P,2469.0,28518.0,-0.439046,0.001648,-458.9595,724.3091,6411.37,60.0,4.674813,79.94999999999999,0.7000000000000028,0.008755472170106353,0.9982265880771193,0.08493150684931507
2025-08-19,2025-10-17,5000.0,0.300073,1442.1,1446.0,C,1022.0,61232.0,0.984438,4.7e-05,-263.3416,92.62962,6411.37,30.0,4.737034,1444.05,3.900000000000091,0.0027007375090890833,0.7798645219352495,0.16164383561643836
2025-08-19,2025-10-17,5000.0,0.300073,1442.1,1446.0,C,1022.0,61232.0,0.984438,4.7e-05,-263.3416,92.62962,6411.37,60.0,4.674813,1444.05,3.900000000000091,0.0027007375090890833,0.7798645219352495,0.16164383561643836
2025-08-19,2025-10-17,6000.0,0.187596,486.9,489.6,C,1038.0,60886.0,0.841722,0.000501,-547.6387,613.827,6411.37,30.0,4.737034,488.25,2.7000000000000455,0.005529953917050784,0.9358374263222993,0.16164383561643836
2025-08-19,2025-10-17,6000.0,0.187596,486.9,489.6,C,1038.0,60886.0,0.841722,0.000501,-547.6387,613.827,6411.37,60.0,4.674813,488.25,2.7000000000000455,0.005529953917050784,0.9358374263222993,0.16164383561643836
2025-08-19,2025-10-17,5000.0,0.332262,7.6,7.9,P,2577.0,75699.0,-0.023281,6.5e-05,-140.9409,140.6635,6411.37,30.0,4.737034,7.75,0.3000000000000007,0.03870967741935493,0.7798645219352495,0.16164383561643836
2025-08-19,2025-10-17,5000.0,0.332262,7.6,7.9,P,2577.0,75699.0,-0.023281,6.5e-05,-140.9409,140.6635,6411.37,60.0,4.674813,7.75,0.3000000000000007,0.03870967741935493,0.7798645219352495,0.16164383561643836
2025-08-19,2025-10-17,5100.0,0.315945,8.5,8.8,P,1237.0,11178.0,-0.026857,7.7e-05,-150.5896,158.5656,6411.37,30.0,4.737034,8.65,0.3000000000000007,0.03468208092485557,0.7954618123739544,0.16164383561643836
2025-08-19,2025-10-17,5100.0,0.315945,8.5,8.8,P,1237.0,11178.0,-0.026857,7.7e-05,-150.5896,158.5656,6411.37,60.0,4.674813,8.65,0.3000000000000007,0.03468208092485557,0.7954618123739544,0.16164383561643836
2025-08-19,2025-10-17,5540.0,0.251808,16.6,17.0,P,1160.0,8332.0,-0.058535,0.000181,-221.2635,298.5194,6411.37,30.0,4.737034,16.8,0.3999999999999986,0.023809523809523725,0.8640898903042563,0.16164383561643836
2025-08-19,2025-10-17,5540.0,0.251808,16.6,17.0,P,1160.0,8332.0,-0.058535,0.000181,-221.2635,298.5194,6411.37,60.0,4.674813,16.8,0.3999999999999986,0.023809523809523725,0.8640898903042563,0.16164383561643836
2025-08-19,2025-10-17,5650.0,0.237682,20.7,21.0,P,1148.0,11216.0,-0.073946,0.00023,-248.3144,357.7804,6411.37,30.0,4.737034,20.85,0.3000000000000007,0.014388489208633127,0.8812469097868318,0.16164383561643836
2025-08-19,2025-10-17,5650.0,0.237682,20.7,21.0,P,1148.0,11216.0,-0.073946,0.00023,-248.3144,357.7804,6411.37,60.0,4.674813,20.85,0.3000000000000007,0.014388489208633127,0.8812469097868318,0.16164383561643836
2025-08-19,2025-10-17,5750.0,0.225197,25.5,25.9,P,2249.0,12763.0,-0.092305,0.000287,-275.5255,422.7445,6411.37,30.0,4.737034,25.7,0.3999999999999986,0.015564202334630295,0.8968442002255368,0.16164383561643836
2025-08-19,2025-10-17,5750.0,0.225197,25.5,25.9,P,2249.0,12763.0,-0.092305,0.000287,-275.5255,422.7445,6411.37,60.0,4.674813,25.7,0.3999999999999986,0.015564202334630295,0.8968442002255368,0.16164383561643836
2025-08-19,2025-10-17,5800.0,0.218941,28.4,28.8,P,2473.0,17274.0,-0.103317,0.000321,-289.4248,459.1513,6411.37,30.0,4.737034,28.6,0.40000000000000213,0.01398601398601406,0.9046428454448894,0.16164383561643836
2025-08-19,2025-10-17,5800.0,0.218941,28.4,28.8,P,2473.0,17274.0,-0.103317,0.000321,-289.4248,459.1513,6411.37,60.0,4.674813,28.6,0.40000000000000213,0.01398601398601406,0.9046428454448894,0.16164383561643836
2025-08-19,2025-10-17,6000.0,0.193534,44.3,44.7,P,3192.0,73017.0,-0.163926,0.0005,-341.9107,631.4514,6411.37,30.0,4.737034,44.5,0.4000000000000057,0.008988764044943948,0.9358374263222993,0.16164383561643836
2025-08-19,2025-10-17,6000.0,0.193534,44.3,44.7,P,3192.0,73017.0,-0.163926,0.0005,-341.9107,631.4514,6411.37,60.0,4.674813,44.5,0.4000000000000057,0.008988764044943948,0.9358374263222993,0.16164383561643836
2025-08-19,2025-10-17,6150.0,0.173092,62.2,62.7,P,1521.0,8032.0,-0.23345,0.000692,-365.2904,782.0587,6411.37,30.0,4.737034,62.45,0.5,0.008006405124099279,0.9592333619803568,0.16164383561643836
2025-08-19,2025-10-17,6150.0,0.173092,62.2,62.7,P,1521.0,8032.0,-0.23345,0.000692,-365.2904,782.0587,6411.37,60.0,4.674813,62.45,0.5,0.008006405124099279,0.9592333619803568,0.16164383561643836
2025-08-19,2025-10-17,6300.0,0.151719,89.0,89.7,P,1410.0,11136.0,-0.33632,0.00094,-357.4736,931.7827,6411.37,30.0,4.737034,89.35,0.7000000000000028,0.007834359261331874,0.9826292976384142,0.16164383561643836
2025-08-19,2025-10-17,6300.0,0.151719,89.0,89.7,P,1410.0,11136.0,-0.33632,0.00094,-357.4736,931.7827,6411.37,60.0,4.674813,89.35,0.7000000000000028,0.007834359261331874,0.9826292976384142,0.16164383561643836
2025-08-19,2025-09-26,5100.0,0.346462,4.2,4.4,P,1000.0,2049.0,-0.016157,5.6e-05,-134.5744,83.49346,6411.37,30.0,4.737034,4.300000000000001,0.20000000000000018,0.04651162790697678,0.7954618123739544,0.10410958904109589
2025-08-19,2025-09-26,5100.0,0.346462,4.2,4.4,P,1000.0,2049.0,-0.016157,5.6e-05,-134.5744,83.49346,6411.37,60.0,4.674813,4.300000000000001,0.20000000000000018,0.04651162790697678,0.7954618123739544,0.10410958904109589
2025-08-19,2025-09-30,5350.0,0.291125,6.6,6.9,P,1960.0,535.0,-0.026974,9.8e-05,-164.3474,135.4322,6411.37,30.0,4.737034,6.75,0.3000000000000007,0.04444444444444455,0.8344550384707169,0.11506849315068493
2025-08-19,2025-09-30,5350.0,0.291125,6.6,6.9,P,1960.0,535.0,-0.026974,9.8e-05,-164.3474,135.4322,6411.37,60.0,4.674813,6.75,0.3000000000000007,0.04444444444444455,0.8344550384707169,0.11506849315068493
2025-08-19,2025-09-30,5700.0,0.233972,12.7,13.0,P,2035.0,9328.0,-0.057307,0.000226,-239.2615,249.8471,6411.37,30.0,4.737034,12.85,0.3000000000000007,0.02334630350194558,0.8890455550061843,0.11506849315068493
2025-08-19,2025-09-30,5700.0,0.233972,12.7,13.0,P,2035.0,9328.0,-0.057307,0.000226,-239.2615,249.8471,6411.37,60.0,4.674813,12.85,0.3000000000000007,0.02334630350194558,0.8890455550061843,0.11506849315068493
2025-08-19,2025-09-30,5750.0,0.226764,14.4,14.6,P,1087.0,5457.0,-0.065278,0.000258,-255.7627,276.61,6411.37,30.0,4.737034,14.5,0.1999999999999993,0.013793103448275813,0.8968442002255368,0.11506849315068493
2025-08-19,2025-09-30,5750.0,0.226764,14.4,14.6,P,1087.0,5457.0,-0.065278,0.000258,-255.7627,276.61,6411.37,60.0,4.674813,14.5,0.1999999999999993,0.013793103448275813,0.8968442002255368,0.11506849315068493
2025-08-19,2025-09-30,5850.0,0.212719,18.6,18.9,P,1034.0,9231.0,-0.085675,0.000338,-292.563,340.3511,6411.37,30.0,4.737034,18.75,0.29999999999999716,0.015999999999999848,0.9124414906642418,0.11506849315068493
2025-08-19,2025-09-30,5850.0,0.212719,18.6,18.9,P,1034.0,9231.0,-0.085675,0.000338,-292.563,340.3511,6411.37,60.0,4.674813,18.75,0.29999999999999716,0.015999999999999848,0.9124414906642418,0.11506849315068493
2025-08-19,2025-09-30,6000.0,0.191928,28.2,28.5,P,1378.0,19551.0,-0.131408,0.00051,-352.6747,463.3756,6411.37,30.0,4.737034,28.35,0.3000000000000007,0.010582010582010606,0.9358374263222993,0.11506849315068493
2025-08-19,2025-09-30,6000.0,0.191928,28.2,28.5,P,1378.0,19551.0,-0.131408,0.00051,-352.6747,463.3756,6411.37,60.0,4.674813,28.35,0.3000000000000007,0.010582010582010606,0.9358374263222993,0.11506849315068493
2025-08-19,2025-10-03,5300.0,0.298061,7.2,7.5,P,73306.0,122.0,-0.027573,9.5e-05,-165.3395,142.776,6411.37,30.0,4.737034,7.35,0.2999999999999998,0.04081632653061222,0.8266563932513644,0.1232876712328767
2025-08-19,2025-10-03,5300.0,0.298061,7.2,7.5,P,73306.0,122.0,-0.027573,9.5e-05,-165.3395,142.776,6411.37,60.0,4.674813,7.35,0.2999999999999998,0.04081632653061222,0.8266563932513644,0.1232876712328767
2025-08-19,2025-10-03,5350.0,0.289249,7.7,8.0,P,73307.0,45.0,-0.030017,0.000105,-171.8552,153.2215,6411.37,30.0,4.737034,7.85,0.2999999999999998,0.03821656050955412,0.8344550384707169,0.1232876712328767
2025-08-19,2025-10-03,5350.0,0.289249,7.7,8.0,P,73307.0,45.0,-0.030017,0.000105,-171.8552,153.2215,6411.37,60.0,4.674813,7.85,0.2999999999999998,0.03821656050955412,0.8344550384707169,0.1232876712328767
2025-08-19,2025-10-17,6150.0,0.172768,63.0,63.4,P,2234.0,428.0,-0.234344,0.000689,-361.5629,790.4329,6411.37,30.0,4.737034,63.2,0.3999999999999986,0.00632911392405061,0.9592333619803568,0.16164383561643836
2025-08-19,2025-10-17,6150.0,0.172768,63.0,63.4,P,2234.0,428.0,-0.234344,0.000689,-361.5629,790.4329,6411.37,60.0,4.674813,63.2,0.3999999999999986,0.00632911392405061,0.9592333619803568,0.16164383561643836
2025-08-20,2025-09-19,6000.0,0.186159,428.4,431.0,C,11001.0,316740.0,0.903141,0.000508,-566.6378,307.5355,6395.78,30.0,4.722409,429.7,2.6000000000000227,0.006050733069583483,0.9381185719333686,0.0821917808219178
2025-08-20,2025-09-19,6000.0,0.186159,428.4,431.0,C,11001.0,316740.0,0.903141,0.000508,-566.6378,307.5355,6395.78,60.0,4.662136,429.7,2.6000000000000227,0.006050733069583483,0.9381185719333686,0.0821917808219178
2025-08-20,2025-09-19,6100.0,0.172892,337.2,339.2,C,3032.0,23837.0,0.85487,0.000729,-644.4872,409.8455,6395.78,30.0,4.722409,338.2,2.0,0.0059136605558840925,0.9537538814655914,0.0821917808219178
2025-08-20,2025-09-19,6100.0,0.172892,337.2,339.2,C,3032.0,23837.0,0.85487,0.000729,-644.4872,409.8455,6395.78,60.0,4.662136,338.2,2.0,0.0059136605558840925,0.9537538814655914,0.0821917808219178
2025-08-20,2025-09-19,6300.0,0.14359,169.6,170.6,C,1731.0,39462.0,0.680413,0.001379,-744.2728,643.5743,6395.78,30.0,4.722409,170.1,1.0,0.005878894767783657,0.985024500530037,0.0821917808219178
2025-08-20,2025-09-19,6300.0,0.14359,169.6,170.6,C,1731.0,39462.0,0.680413,0.001379,-744.2728,643.5743,6395.78,60.0,4.662136,170.1,1.0,0.005878894767783657,0.985024500530037,0.0821917808219178
2025-08-20,2025-09-19,6365.0,0.132544,121.9,122.7,C,1317.0,3965.0,0.591064,0.001624,-726.2631,699.7897,6395.78,30.0,4.722409,122.30000000000001,0.7999999999999972,0.006541291905151243,0.9951874517259819,0.0821917808219178
2025-08-20,2025-09-19,6365.0,0.132544,121.9,122.7,C,1317.0,3965.0,0.591064,0.001624,-726.2631,699.7897,6395.78,60.0,4.662136,122.30000000000001,0.7999999999999972,0.006541291905151243,0.9951874517259819,0.0821917808219178
2025-08-20,2025-09-19,6375.0,0.130795,115.0,115.8,C,1270.0,5935.0,0.575476,0.00166,-719.8573,705.7258,6395.78,30.0,4.722409,115.4,0.7999999999999972,0.006932409012131691,0.9967509826792041,0.0821917808219178
2025-08-20,2025-09-19,6375.0,0.130795,115.0,115.8,C,1270.0,5935.0,0.575476,0.00166,-719.8573,705.7258,6395.78,60.0,4.662136,115.4,0.7999999999999972,0.006932409012131691,0.9967509826792041,0.0821917808219178
2025-08-20,2025-09-19,6380.0,0.129983,111.6,112.5,C,2093.0,2949.0,0.567461,0.001677,-716.5413,708.3416,6395.78,30.0,4.722409,112.05,0.9000000000000057,0.008032128514056276,0.9975327481558153,0.0821917808219178
2025-08-20,2025-09-19,6380.0,0.129983,111.6,112.5,C,2093.0,2949.0,0.567461,0.001677,-716.5413,708.3416,6395.78,60.0,4.662136,112.05,0.9000000000000057,0.008032128514056276,0.9975327481558153,0.0821917808219178
2025-08-20,2025-09-19,6385.0,0.129189,108.4,109.1,C,1575.0,2082.0,0.559319,0.001693,-713.028,710.6972,6395.78,30.0,4.722409,108.75,0.6999999999999886,0.006436781609195297,0.9983145136324264,0.0821917808219178
2025-08-20,2025-09-19,6385.0,0.129189,108.4,109.1,C,1575.0,2082.0,0.559319,0.001693,-713.028,710.6972,6395.78,60.0,4.662136,108.75,0.6999999999999886,0.006436781609195297,0.9983145136324264,0.0821917808219178
2025-08-20,2025-09-19,6390.0,0.12848,105.2,105.9,C,2555.0,3322.0,0.551033,0.001707,-709.6171,712.7832,6395.78,30.0,4.722409,105.55000000000001,0.7000000000000028,0.006631927996210353,0.9990962791090375,0.0821917808219178
2025-08-20,2025-09-19,6390.0,0.12848,105.2,105.9,C,2555.0,3322.0,0.551033,0.001707,-709.6171,712.7832,6395.78,60.0,4.662136,105.55000000000001,0.7000000000000028,0.006631927996210353,0.9990962791090375,0.0821917808219178
2025-08-20,2025-09-19,6395.0,0.127576,101.9,102.6,C,1049.0,1788.0,0.542684,0.001723,-705.0539,714.5686,6395.78,30.0,4.722409,102.25,0.6999999999999886,0.006845965770171038,0.9998780445856487,0.0821917808219178
2025-08-20,2025-09-19,6395.0,0.127576,101.9,102.6,C,1049.0,1788.0,0.542684,0.001723,-705.0539,714.5686,6395.78,60.0,4.662136,102.25,0.6999999999999886,0.006845965770171038,0.9998780445856487,0.0821917808219178
2025-08-20,2025-09-19,5000.0,0.389679,2.4,2.55,P,1477.0,301182.0,-0.010036,3.8e-05,-115.5544,48.1958,6395.78,30.0,4.722409,2.4749999999999996,0.1499999999999999,0.06060606060606058,0.7817654766111405,0.0821917808219178
2025-08-20,2025-09-19,5000.0,0.389679,2.4,2.55,P,1477.0,301182.0,-0.010036,3.8e-05,-115.5544,48.1958,6395.78,60.0,4.662136,2.4749999999999996,0.1499999999999999,0.06060606060606058,0.7817654766111405,0.0821917808219178
2025-08-20,2025-09-19,5100.0,0.368745,2.75,2.9,P,1069.0,17369.0,-0.011899,4.7e-05,-126.5778,55.89074,6395.78,30.0,4.722409,2.825,0.1499999999999999,0.05309734513274333,0.7974007861433633,0.0821917808219178
2025-08-20,2025-09-19,5100.0,0.368745,2.75,2.9,P,1069.0,17369.0,-0.011899,4.7e-05,-126.5778,55.89074,6395.78,60.0,4.662136,2.825,0.1499999999999999,0.05309734513274333,0.7974007861433633,0.0821917808219178
2025-08-20,2025-09-19,5150.0,0.359161,2.95,3.2,P,2345.0,6563.0,-0.013155,5.2e-05,-134.3519,60.9665,6395.78,30.0,4.722409,3.075,0.25,0.08130081300813008,0.8052184409094747,0.0821917808219178
2025-08-20,2025-09-19,5150.0,0.359161,2.95,3.2,P,2345.0,6563.0,-0.013155,5.2e-05,-134.3519,60.9665,6395.78,60.0,4.662136,3.075,0.25,0.08130081300813008,0.8052184409094747,0.0821917808219178
2025-08-20,2025-09-19,5300.0,0.327912,3.7,3.9,P,1830.0,25494.0,-0.017281,7.2e-05,-154.5278,77.07182,6395.78,30.0,4.722409,3.8,0.19999999999999973,0.052631578947368356,0.8286714052078089,0.0821917808219178
2025-08-20,2025-09-19,5300.0,0.327912,3.7,3.9,P,1830.0,25494.0,-0.017281,7.2e-05,-154.5278,77.07182,6395.78,60.0,4.662136,3.8,0.19999999999999973,0.052631578947368356,0.8286714052078089,0.0821917808219178
2025-08-20,2025-09-19,5375.0,0.312347,4.1,4.4,P,1080.0,6055.0,-0.019956,8.6e-05,-166.0289,87.11606,6395.78,30.0,4.722409,4.25,0.3000000000000007,0.07058823529411781,0.8403978873569761,0.0821917808219178
2025-08-20,2025-09-19,5375.0,0.312347,4.1,4.4,P,1080.0,6055.0,-0.019956,8.6e-05,-166.0289,87.11606,6395.78,60.0,4.662136,4.25,0.3000000000000007,0.07058823529411781,0.8403978873569761,0.0821917808219178
2025-08-20,2025-09-19,5600.0,0.265838,6.0,6.3,P,1558.0,28625.0,-0.031972,0.00015,-207.9745,129.286,6395.78,30.0,4.722409,6.15,0.2999999999999998,0.048780487804878016,0.8755773338044773,0.0821917808219178
2025-08-20,2025-09-19,5600.0,0.265838,6.0,6.3,P,1558.0,28625.0,-0.031972,0.00015,-207.9745,129.286,6395.78,60.0,4.662136,6.15,0.2999999999999998,0.048780487804878016,0.8755773338044773,0.0821917808219178
2025-08-20,2025-09-19,5800.0,0.22832,9.7,9.9,P,1878.0,39633.0,-0.054769,0.000269,-272.9493,199.8529,6395.78,30.0,4.722409,9.8,0.20000000000000107,0.02040816326530623,0.906847952868923,0.0821917808219178
2025-08-20,2025-09-19,5800.0,0.22832,9.7,9.9,P,1878.0,39633.0,-0.054769,0.000269,-272.9493,199.8529,6395.78,60.0,4.662136,9.8,0.20000000000000107,0.02040816326530623,0.906847952868923,0.0821917808219178
2025-08-20,2025-09-19,5900.0,0.211785,13.2,13.4,P,1261.0,27140.0,-0.075784,0.000374,-323.1261,257.1859,6395.78,30.0,4.722409,13.3,0.20000000000000107,0.015037593984962485,0.9224832624011458,0.0821917808219178
2025-08-20,2025-09-19,5900.0,0.211785,13.2,13.4,P,1261.0,27140.0,-0.075784,0.000374,-323.1261,257.1859,6395.78,60.0,4.662136,13.3,0.20000000000000107,0.015037593984962485,0.9224832624011458,0.0821917808219178
2025-08-20,2025-09-19,6000.0,0.196117,18.5,18.9,P,15110.0,336699.0,-0.107496,0.000523,-383.57,333.3622,6395.78,30.0,4.722409,18.7,0.3999999999999986,0.021390374331550728,0.9381185719333686,0.0821917808219178
2025-08-20,2025-09-19,6000.0,0.196117,18.5,18.9,P,15110.0,336699.0,-0.107496,0.000523,-383.57,333.3622,6395.78,60.0,4.662136,18.7,0.3999999999999986,0.021390374331550728,0.9381185719333686,0.0821917808219178
2025-08-20,2025-09-19,6050.0,0.188464,22.2,22.6,P,1374.0,55584.0,-0.128839,0.000619,-416.0325,378.9348,6395.78,30.0,4.722409,22.4,0.40000000000000213,0.017857142857142953,0.94593622669948,0.0821917808219178
2025-08-20,2025-09-19,6050.0,0.188464,22.2,22.6,P,1374.0,55584.0,-0.128839,0.000619,-416.0325,378.9348,6395.78,60.0,4.662136,22.4,0.40000000000000213,0.017857142857142953,0.94593622669948,0.0821917808219178
2025-08-20,2025-09-19,6100.0,0.180565,26.6,27.1,P,3971.0,32437.0,-0.154475,0.00073,-446.9078,428.5286,6395.78,30.0,4.722409,26.85,0.5,0.018621973929236497,0.9537538814655914,0.0821917808219178
2025-08-20,2025-09-19,6100.0,0.180565,26.6,27.1,P,3971.0,32437.0,-0.154475,0.00073,-446.9078,428.5286,6395.78,60.0,4.662136,26.85,0.5,0.018621973929236497,0.9537538814655914,0.0821917808219178
2025-08-20,2025-09-19,6150.0,0.172877,32.2,32.7,P,3239.0,25330.0,-0.185943,0.000859,-476.8647,482.6232,6395.78,30.0,4.722409,32.45,0.5,0.015408320493066254,0.9615715362317028,0.0821917808219178
2025-08-20,2025-09-19,6150.0,0.172877,32.2,32.7,P,3239.0,25330.0,-0.185943,0.000859,-476.8647,482.6232,6395.78,60.0,4.662136,32.45,0.5,0.015408320493066254,0.9615715362317028,0.0821917808219178
2025-08-20,2025-09-19,6175.0,0.168866,35.4,35.9,P,1514.0,6945.0,-0.203895,0.00093,-489.5894,510.4432,6395.78,30.0,4.722409,35.65,0.5,0.014025245441795233,0.9654803636147585,0.0821917808219178
2025-08-20,2025-09-19,6175.0,0.168866,35.4,35.9,P,1514.0,6945.0,-0.203895,0.00093,-489.5894,510.4432,6395.78,60.0,4.662136,35.65,0.5,0.014025245441795233,0.9654803636147585,0.0821917808219178
2025-08-20,2025-09-19,6200.0,0.164823,39.0,39.4,P,3221.0,27930.0,-0.223633,0.001006,-500.7531,538.6649,6395.78,30.0,4.722409,39.2,0.3999999999999986,0.010204081632653024,0.9693891909978142,0.0821917808219178
2025-08-20,2025-09-19,6200.0,0.164823,39.0,39.4,P,3221.0,27930.0,-0.223633,0.001006,-500.7531,538.6649,6395.78,60.0,4.662136,39.2,0.3999999999999986,0.010204081632653024,0.9693891909978142,0.0821917808219178
2025-08-20,2025-09-19,6250.0,0.156679,47.3,47.8,P,3148.0,18244.0,-0.269187,0.001168,-516.8622,594.9969,6395.78,30.0,4.722409,47.55,0.5,0.010515247108307046,0.9772068457639256,0.0821917808219178
2025-08-20,2025-09-19,6250.0,0.156679,47.3,47.8,P,3148.0,18244.0,-0.269187,0.001168,-516.8622,594.9969,6395.78,60.0,4.662136,47.55,0.5,0.010515247108307046,0.9772068457639256,0.0821917808219178
2025-08-20,2025-09-19,6300.0,0.148031,57.3,58.0,P,2651.0,39374.0,-0.323559,0.001346,-519.199,647.4257,6395.78,30.0,4.722409,57.65,0.7000000000000028,0.012142237640936736,0.985024500530037,0.0821917808219178
2025-08-20,2025-09-19,6300.0,0.148031,57.3,58.0,P,2651.0,39374.0,-0.323559,0.001346,-519.199,647.4257,6395.78,60.0,4.662136,57.65,0.7000000000000028,0.012142237640936736,0.985024500530037,0.0821917808219178
2025-08-20,2025-09-19,6350.0,0.139432,70.0,70.7,P,2876.0,20248.0,-0.388819,0.001524,-505.2328,690.7831,6395.78,30.0,4.722409,70.35,0.7000000000000028,0.009950248756218947,0.9928421552961484,0.0821917808219178
2025-08-20,2025-09-19,6350.0,0.139432,70.0,70.7,P,2876.0,20248.0,-0.388819,0.001524,-505.2328,690.7831,6395.78,60.0,4.662136,70.35,0.7000000000000028,0.009950248756218947,0.9928421552961484,0.0821917808219178
2025-08-20,2025-09-19,6365.0,0.136843,74.4,75.1,P,1342.0,3704.0,-0.410659,0.001576,-496.8799,700.76,6395.78,30.0,4.722409,74.75,0.6999999999999886,0.009364548494983126,0.9951874517259819,0.0821917808219178
2025-08-20,2025-09-19,6365.0,0.136843,74.4,75.1,P,1342.0,3704.0,-0.410659,0.001576,-496.8799,700.76,6395.78,60.0,4.662136,74.75,0.6999999999999886,0.009364548494983126,0.9951874517259819,0.0821917808219178
2025-08-20,2025-09-19,6375.0,0.135111,77.5,78.2,P,2821.0,4938.0,-0.425813,0.001609,-490.0721,706.3809,6395.78,30.0,4.722409,77.85,0.7000000000000028,0.008991650610147757,0.9967509826792041,0.0821917808219178
2025-08-20,2025-09-19,6375.0,0.135111,77.5,78.2,P,2821.0,4938.0,-0.425813,0.001609,-490.0721,706.3809,6395.78,60.0,4.662136,77.85,0.7000000000000028,0.008991650610147757,0.9967509826792041,0.0821917808219178
2025-08-20,2025-09-19,6380.0,0.134241,79.1,79.8,P,2102.0,3285.0,-0.433568,0.001625,-486.2634,708.848,6395.78,30.0,4.722409,79.44999999999999,0.7000000000000028,0.008810572687224707,0.9975327481558153,0.0821917808219178
2025-08-20,2025-09-19,6380.0,0.134241,79.1,79.8,P,2102.0,3285.0,-0.433568,0.001625,-486.2634,708.848,6395.78,60.0,4.662136,79.44999999999999,0.7000000000000028,0.008810572687224707,0.9975327481558153,0.0821917808219178
2025-08-20,2025-09-19,6385.0,0.133459,80.8,81.5,P,1523.0,2306.0,-0.441472,0.001639,-482.5859,711.0789,6395.78,30.0,4.722409,81.15,0.7000000000000028,0.008626001232285924,0.9983145136324264,0.0821917808219178
2025-08-20,2025-09-19,6385.0,0.133459,80.8,81.5,P,1523.0,2306.0,-0.441472,0.001639,-482.5859,711.0789,6395.78,60.0,4.662136,81.15,0.7000000000000028,0.008626001232285924,0.9983145136324264,0.0821917808219178
2025-08-20,2025-09-19,6390.0,0.132624,82.5,83.2,P,2572.0,3383.0,-0.449472,0.001654,-478.4044,713.046,6395.78,30.0,4.722409,82.85,0.7000000000000028,0.008449004224502147,0.9990962791090375,0.0821917808219178
2025-08-20,2025-09-19,6390.0,0.132624,82.5,83.2,P,2572.0,3383.0,-0.449472,0.001654,-478.4044,713.046,6395.78,60.0,4.662136,82.85,0.7000000000000028,0.008449004224502147,0.9990962791090375,0.0821917808219178
2025-08-20,2025-10-17,5000.0,0.303075,1426.7,1429.9,C,2950.0,61233.0,0.983594,5e-05,-269.6763,96.48051,6395.78,30.0,4.722409,1428.3000000000002,3.2000000000000455,0.0022404256808793988,0.7817654766111405,0.1589041095890411
2025-08-20,2025-10-17,5000.0,0.303075,1426.7,1429.9,C,2950.0,61233.0,0.983594,5e-05,-269.6763,96.48051,6395.78,60.0,4.662136,1428.3000000000002,3.2000000000000455,0.0022404256808793988,0.7817654766111405,0.1589041095890411
2025-08-20,2025-10-17,6000.0,0.188587,473.2,475.4,C,12959.0,60903.0,0.834229,0.00052,-561.6582,625.9077,6395.78,30.0,4.722409,474.29999999999995,2.1999999999999886,0.004638414505587158,0.9381185719333686,0.1589041095890411
2025-08-20,2025-10-17,6000.0,0.188587,473.2,475.4,C,12959.0,60903.0,0.834229,0.00052,-561.6582,625.9077,6395.78,60.0,4.662136,474.29999999999995,2.1999999999999886,0.004638414505587158,0.9381185719333686,0.1589041095890411
2025-08-20,2025-10-17,5000.0,0.332793,7.7,7.9,P,3128.0,76292.0,-0.023617,6.6e-05,-143.8311,140.7983,6395.78,30.0,4.722409,7.800000000000001,0.20000000000000018,0.02564102564102566,0.7817654766111405,0.1589041095890411
2025-08-20,2025-10-17,5000.0,0.332793,7.7,7.9,P,3128.0,76292.0,-0.023617,6.6e-05,-143.8311,140.7983,6395.78,60.0,4.662136,7.800000000000001,0.20000000000000018,0.02564102564102566,0.7817654766111405,0.1589041095890411
2025-08-20,2025-10-17,5400.0,0.271451,13.3,13.6,P,1872.0,15898.0,-0.045697,0.00014,-198.8492,242.4912,6395.78,30.0,4.722409,13.45,0.29999999999999893,0.02230483271375457,0.8443067147400317,0.1589041095890411
2025-08-20,2025-10-17,5400.0,0.271451,13.3,13.6,P,1872.0,15898.0,-0.045697,0.00014,-198.8492,242.4912,6395.78,60.0,4.662136,13.45,0.29999999999999893,0.02230483271375457,0.8443067147400317,0.1589041095890411
2025-08-20,2025-10-17,5500.0,0.257585,15.8,16.2,P,1844.0,23669.0,-0.055573,0.000172,-219.2602,283.3937,6395.78,30.0,4.722409,16.0,0.3999999999999986,0.02499999999999991,0.8599420242722545,0.1589041095890411
2025-08-20,2025-10-17,5500.0,0.257585,15.8,16.2,P,1844.0,23669.0,-0.055573,0.000172,-219.2602,283.3937,6395.78,60.0,4.662136,16.0,0.3999999999999986,0.02499999999999991,0.8599420242722545,0.1589041095890411
2025-08-20,2025-10-17,5540.0,0.252274,17.1,17.4,P,2340.0,7371.0,-0.060356,0.000188,-228.5484,302.3927,6395.78,30.0,4.722409,17.25,0.29999999999999716,0.01739130434782592,0.8661961480851437,0.1589041095890411
2025-08-20,2025-10-17,5540.0,0.252274,17.1,17.4,P,2340.0,7371.0,-0.060356,0.000188,-228.5484,302.3927,6395.78,60.0,4.662136,17.25,0.29999999999999716,0.01739130434782592,0.8661961480851437,0.1589041095890411
2025-08-20,2025-10-17,5700.0,0.231801,23.7,24.0,P,1558.0,15766.0,-0.085409,0.000266,-270.6602,394.5873,6395.78,30.0,4.722409,23.85,0.3000000000000007,0.012578616352201286,0.8912126433367001,0.1589041095890411
2025-08-20,2025-10-17,5700.0,0.231801,23.7,24.0,P,1558.0,15766.0,-0.085409,0.000266,-270.6602,394.5873,6395.78,60.0,4.662136,23.85,0.3000000000000007,0.012578616352201286,0.8912126433367001,0.1589041095890411
2025-08-20,2025-10-17,5800.0,0.219302,29.4,29.8,P,1003.0,17632.0,-0.107141,0.000333,-299.4993,466.169,6395.78,30.0,4.722409,29.6,0.40000000000000213,0.013513513513513585,0.906847952868923,0.1589041095890411
2025-08-20,2025-10-17,5800.0,0.219302,29.4,29.8,P,1003.0,17632.0,-0.107141,0.000333,-299.4993,466.169,6395.78,60.0,4.662136,29.6,0.40000000000000213,0.013513513513513585,0.906847952868923,0.1589041095890411
2025-08-20,2025-10-17,5850.0,0.212924,32.8,33.2,P,1765.0,8287.0,-0.120095,0.000372,-313.5655,505.689,6395.78,30.0,4.722409,33.0,0.4000000000000057,0.012121212121212293,0.9146656076350344,0.1589041095890411
2025-08-20,2025-10-17,5850.0,0.212924,32.8,33.2,P,1765.0,8287.0,-0.120095,0.000372,-313.5655,505.689,6395.78,60.0,4.662136,33.0,0.4000000000000057,0.012121212121212293,0.9146656076350344,0.1589041095890411
2025-08-20,2025-10-17,5960.0,0.198925,42.0,42.5,P,1126.0,1879.0,-0.15518,0.000474,-343.4489,602.4651,6395.78,30.0,4.722409,42.25,0.5,0.011834319526627219,0.9318644481204795,0.1589041095890411
2025-08-20,2025-10-17,5960.0,0.198925,42.0,42.5,P,1126.0,1879.0,-0.15518,0.000474,-343.4489,602.4651,6395.78,60.0,4.662136,42.25,0.5,0.011834319526627219,0.9318644481204795,0.1589041095890411
2025-08-20,2025-10-17,6000.0,0.193764,46.1,46.5,P,15896.0,73516.0,-0.170531,0.000518,-353.1556,640.5694,6395.78,30.0,4.722409,46.3,0.3999999999999986,0.008639308855291546,0.9381185719333686,0.1589041095890411
2025-08-20,2025-10-17,6000.0,0.193764,46.1,46.5,P,15896.0,73516.0,-0.170531,0.000518,-353.1556,640.5694,6395.78,60.0,4.662136,46.3,0.3999999999999986,0.008639308855291546,0.9381185719333686,0.1589041095890411
2025-08-20,2025-10-17,6025.0,0.190366,48.7,49.2,P,1107.0,2372.0,-0.180768,0.000547,-358.2231,664.6659,6395.78,30.0,4.722409,48.95,0.5,0.010214504596527068,0.9420273993164243,0.1589041095890411
2025-08-20,2025-10-17,6025.0,0.190366,48.7,49.2,P,1107.0,2372.0,-0.180768,0.000547,-358.2231,664.6659,6395.78,60.0,4.662136,48.95,0.5,0.010214504596527068,0.9420273993164243,0.1589041095890411
2025-08-20,2025-10-17,6150.0,0.173474,65.2,65.7,P,1083.0,8347.0,-0.243597,0.000714,-376.5163,791.6279,6395.78,30.0,4.722409,65.45,0.5,0.007639419404125286,0.9615715362317028,0.1589041095890411
2025-08-20,2025-10-17,6150.0,0.173474,65.2,65.7,P,1083.0,8347.0,-0.243597,0.000714,-376.5163,791.6279,6395.78,60.0,4.662136,65.45,0.5,0.007639419404125286,0.9615715362317028,0.1589041095890411
2025-08-20,2025-10-17,6200.0,0.166357,73.3,73.9,P,1377.0,12375.0,-0.274761,0.000793,-377.4712,842.4409,6395.78,30.0,4.722409,73.6,0.6000000000000085,0.008152173913043594,0.9693891909978142,0.1589041095890411
2025-08-20,2025-10-17,6200.0,0.166357,73.3,73.9,P,1377.0,12375.0,-0.274761,0.000793,-377.4712,842.4409,6395.78,60.0,4.662136,73.6,0.6000000000000085,0.008152173913043594,0.9693891909978142,0.1589041095890411
2025-08-20,2025-10-17,6250.0,0.159167,82.6,83.4,P,2376.0,9054.0,-0.310325,0.000877,-373.8343,891.4417,6395.78,30.0,4.722409,83.0,0.8000000000000114,0.009638554216867606,0.9772068457639256,0.1589041095890411
2025-08-20,2025-10-17,6250.0,0.159167,82.6,83.4,P,2376.0,9054.0,-0.310325,0.000877,-373.8343,891.4417,6395.78,60.0,4.662136,83.0,0.8000000000000114,0.009638554216867606,0.9772068457639256,0.1589041095890411
2025-08-20,2025-09-30,5725.0,0.23006,13.7,14.0,P,1087.0,967.0,-0.062784,0.00025,-254.8215,264.5016,6395.78,30.0,4.722409,13.85,0.3000000000000007,0.021660649819494636,0.8951214707197559,0.11232876712328767
2025-08-20,2025-09-30,5725.0,0.23006,13.7,14.0,P,1087.0,967.0,-0.062784,0.00025,-254.8215,264.5016,6395.78,60.0,4.662136,13.85,0.3000000000000007,0.021660649819494636,0.8951214707197559,0.11232876712328767
2025-08-20,2025-09-30,5850.0,0.21256,19.1,19.4,P,1753.0,9682.0,-0.088726,0.000353,-303.1443,344.3402,6395.78,30.0,4.722409,19.25,0.29999999999999716,0.015584415584415437,0.9146656076350344,0.11232876712328767
2025-08-20,2025-09-30,5850.0,0.21256,19.1,19.4,P,1753.0,9682.0,-0.088726,0.000353,-303.1443,344.3402,6395.78,60.0,4.662136,19.25,0.29999999999999716,0.015584415584415437,0.9146656076350344,0.11232876712328767
2025-08-20,2025-09-30,5950.0,0.198938,25.4,25.7,P,1036.0,2611.0,-0.118591,0.000465,-346.1804,425.1202,6395.78,30.0,4.722409,25.549999999999997,0.3000000000000007,0.011741682974559716,0.9303009171672572,0.11232876712328767
2025-08-20,2025-09-30,5950.0,0.198938,25.4,25.7,P,1036.0,2611.0,-0.118591,0.000465,-346.1804,425.1202,6395.78,60.0,4.662136,25.549999999999997,0.3000000000000007,0.011741682974559716,0.9303009171672572,0.11232876712328767
2025-08-20,2025-09-30,6100.0,0.177582,39.3,39.6,P,2181.0,10804.0,-0.184506,0.0007,-404.2879,571.0232,6395.78,30.0,4.722409,39.45,0.30000000000000426,0.007604562737642693,0.9537538814655914,0.11232876712328767
2025-08-20,2025-09-30,6100.0,0.177582,39.3,39.6,P,2181.0,10804.0,-0.184506,0.0007,-404.2879,571.0232,6395.78,60.0,4.662136,39.45,0.30000000000000426,0.007604562737642693,0.9537538814655914,0.11232876712328767
2025-08-20,2025-10-03,5600.0,0.249544,12.2,12.5,P,1004.0,708.0,-0.051373,0.00019,-228.7615,233.9722,6395.78,30.0,4.722409,12.35,0.3000000000000007,0.02429149797570856,0.8755773338044773,0.12054794520547946
2025-08-20,2025-10-03,5600.0,0.249544,12.2,12.5,P,1004.0,708.0,-0.051373,0.00019,-228.7615,233.9722,6395.78,60.0,4.662136,12.35,0.3000000000000007,0.02429149797570856,0.8755773338044773,0.12054794520547946
2025-08-20,2025-10-03,5800.0,0.221324,19.6,19.9,P,1039.0,170.0,-0.084929,0.000316,-294.7983,345.2496,6395.78,30.0,4.722409,19.75,0.29999999999999716,0.015189873417721374,0.906847952868923,0.12054794520547946
2025-08-20,2025-10-03,5800.0,0.221324,19.6,19.9,P,1039.0,170.0,-0.084929,0.000316,-294.7983,345.2496,6395.78,60.0,4.662136,19.75,0.29999999999999716,0.015189873417721374,0.906847952868923,0.12054794520547946
2025-08-20,2025-10-03,6000.0,0.194295,33.5,33.7,P,1089.0,173.0,-0.14662,0.000532,-372.6149,509.7628,6395.78,30.0,4.722409,33.6,0.20000000000000284,0.005952380952381037,0.9381185719333686,0.12054794520547946
2025-08-20,2025-10-03,6000.0,0.194295,33.5,33.7,P,1089.0,173.0,-0.14662,0.000532,-372.6149,509.7628,6395.78,60.0,4.662136,33.6,0.20000000000000284,0.005952380952381037,0.9381185719333686,0.12054794520547946
2025-08-20,2025-10-03,6200.0,0.16518,58.1,58.6,P,1092.0,161.0,-0.256685,0.000878,-423.1473,715.1901,6395.78,30.0,4.722409,58.35,0.5,0.00856898029134533,0.9693891909978142,0.12054794520547946
2025-08-20,2025-10-03,6200.0,0.16518,58.1,58.6,P,1092.0,161.0,-0.256685,0.000878,-423.1473,715.1901,6395.78,60.0,4.662136,58.35,0.5,0.00856898029134533,0.9693891909978142,0.12054794520547946
2025-08-20,2025-10-17,4800.0,0.3638,6.3,6.5,P,1005.0,529.0,-0.018111,4.8e-05,-125.0904,113.4349,6395.78,30.0,4.722409,6.4,0.20000000000000018,0.03125000000000003,0.7504948575466949,0.1589041095890411
2025-08-20,2025-10-17,4800.0,0.3638,6.3,6.5,P,1005.0,529.0,-0.018111,4.8e-05,-125.0904,113.4349,6395.78,60.0,4.662136,6.4,0.20000000000000018,0.03125000000000003,0.7504948575466949,0.1589041095890411
