strike,maturity,market_price,cf_price,pde_price,cf_error,pde_error,cf_abs_error,pde_abs_error,cf_pct_error,pde_pct_error
280.0,0.084931506849315,34.974999999999994,34.8529587949981,35.033621507738395,-0.1220412050018922,0.058621507738401135,0.1220412050018922,0.058621507738401135,-0.34893839886173617,0.16760974335497109
295.0,0.084931506849315,26.075,26.15054650378198,26.255227549116444,0.07554650378198247,0.18022754911644512,0.07554650378198247,0.18022754911644512,0.2897277230373249,0.6911890666018988
300.0,0.084931506849315,23.525,23.599057332535494,23.722781357865408,0.07405733253549585,0.1977813578654093,0.07405733253549585,0.1977813578654093,0.3148026887800036,0.8407284075043967
305.0,0.084931506849315,21.125,21.221955860740508,21.343187745156108,0.09695586074050766,0.21818774515610784,0.09695586074050766,0.21818774515610784,0.45896265439293565,1.0328413971886763
310.0,0.084931506849315,18.975,19.017080838677003,19.094554776073686,0.042080838677001964,0.11955477607368437,0.042080838677001964,0.11955477607368437,0.22176990080106435,0.6300646960404973
315.0,0.084931506849315,16.975,16.98102978814208,17.10540160590814,0.00602978814207944,0.13040160590813699,0.00602978814207944,0.13040160590813699,0.03552157962933396,0.7681979729492605
320.0,0.084931506849315,15.175,15.10925845991001,15.135102225473489,-0.06574154008999145,-0.03989777452651211,0.06574154008999145,0.03989777452651211,-0.4332226694562863,-0.2629177893015625
325.0,0.084931506849315,13.525,13.396200502471146,13.51172739242511,-0.12879949752885445,-0.013272607574890571,0.12879949752885445,0.013272607574890571,-0.9523068209157446,-0.0981338822542741
330.0,0.084931506849315,12.075,11.835402611454938,11.888352559376738,-0.23959738854506085,-0.18664744062326122,0.23959738854506085,0.18664744062326122,-1.9842433833959492,-1.5457344979152068
335.0,0.084931506849315,10.725,10.419670203889766,10.518295996568224,-0.30532979611023414,-0.20670400343177597,0.30532979611023414,0.20670400343177597,-2.846897865829689,-1.9273100553079343
340.0,0.084931506849315,9.55,9.141218665940315,9.2249040700421,-0.408781334059686,-0.32509592995790015,0.408781334059686,0.32509592995790015,-4.280432817378911,-3.4041458634335093
345.0,0.084931506849315,8.5,7.9918254372664705,8.070172530973323,-0.5081745627335295,-0.42982746902667657,0.5081745627335295,0.42982746902667657,-5.978524267453287,-5.056793753255018
350.0,0.084931506849315,7.575,6.962978590004468,7.06338894063585,-0.6120214099955321,-0.5116110593641503,0.6120214099955321,0.5116110593641503,-8.079490560997124,-6.7539413777445585
355.0,0.084931506849315,6.75,6.046018098761792,6.104604664764318,-0.7039819012382083,-0.6453953352356816,0.7039819012382083,0.6453953352356816,-10.429361499825307,-9.56141237386195
360.0,0.084931506849315,6.025,5.23226663895187,5.337908819317924,-0.7927333610481302,-0.6870911806820761,0.7927333610481302,0.6870911806820761,-13.157400183371454,-11.404002998872631
280.0,0.1041095890410958,36.525000000000006,37.22919966212518,37.46684100788428,0.7041996621251769,0.9418410078842712,0.7041996621251769,0.9418410078842712,1.9279935992475752,2.578620144789243
300.0,0.1041095890410958,25.225,26.161985447859365,26.331043729038317,0.9369854478593638,1.1060437290383156,0.9369854478593638,1.1060437290383156,3.7145111907209665,4.384712503620676
320.0,0.1041095890410958,16.825,17.591289775238522,17.65288351261046,0.7662897752385227,0.8278835126104624,0.7662897752385227,0.8278835126104624,4.554471175266108,4.920555795604532
325.0,0.1041095890410958,15.15,15.81973229483171,15.958169093218615,0.669732294831709,0.8081690932186145,0.669732294831709,0.8081690932186145,4.420675213410621,5.334449460188875
330.0,0.1041095890410958,13.625,14.187515316605584,14.263454673826756,0.5625153166055838,0.6384546738267556,0.5625153166055838,0.6384546738267556,4.128552782426303,4.6859058629486645
350.0,0.1041095890410958,8.925,8.93258272031838,9.037221912308018,0.0075827203183784775,0.11222191230801748,0.0075827203183784775,0.11222191230801748,0.08496045174653756,1.2573883731990754
280.0,0.1232876712328767,38.125,39.42572536542889,39.739153212666714,1.3007253654288888,1.6141532126667144,1.3007253654288888,1.6141532126667144,3.4117386634200364,4.2338444922405625
290.0,0.1232876712328767,32.175,33.677703606340714,33.95535509164321,1.5027036063407166,1.7803550916432158,1.5027036063407166,1.7803550916432158,4.670407478914427,5.533349158176273
295.0,0.1232876712328767,29.45,31.021605570832918,31.245787008151552,1.5716055708329186,1.795787008151553,1.5716055708329186,1.795787008151553,5.336521462930114,6.097748754334646
300.0,0.1232876712328767,26.95,28.510719496206917,28.741638190937678,1.560719496206918,1.7916381909376788,1.560719496206918,1.7916381909376788,5.791166961806746,6.648008129638883
305.0,0.1232876712328767,24.575,26.14403327012917,26.36377074590456,1.5690332701291716,1.7887707459045608,1.5690332701291716,1.7887707459045608,6.384672513241798,7.278822974179292
310.0,0.1232876712328767,22.375,23.919798959999355,24.094102609567592,1.5447989599993548,1.7191026095675923,1.5447989599993548,1.7191026095675923,6.904129430164714,7.683140154492032
315.0,0.1232876712328767,20.35,21.835574798175173,22.038815939951352,1.485574798175172,1.6888159399513505,1.485574798175172,1.6888159399513505,7.300121858354652,8.298849827770763
320.0,0.1232876712328767,18.5,19.888276004641284,19.99933857990589,1.388276004641284,1.4993385799058885,1.388276004641284,1.4993385799058885,7.504194619682616,8.104532864356154
325.0,0.1232876712328767,16.8,18.074232962717005,18.25076493978171,1.2742329627170044,1.4507649397817097,1.2742329627170044,1.4507649397817097,7.5847200161726445,8.635505593938749
330.0,0.1232876712328767,15.25,16.389255169523423,16.502191299657525,1.1392551695234232,1.2521912996575253,1.1392551695234232,1.2521912996575253,7.470525701792939,8.211090489557543
335.0,0.1232876712328767,13.85,14.828699341320913,14.972160471830517,0.9786993413209135,1.122160471830517,0.9786993413209135,1.122160471830517,7.066421236974104,8.10224167386655
340.0,0.1232876712328767,12.55,13.387540062252086,13.508269781471789,0.837540062252085,0.9582697814717882,0.837540062252085,0.9582697814717882,6.673625994040518,7.635615788619826
345.0,0.1232876712328767,11.4,12.06044141954358,12.168935755442615,0.660441419543579,0.7689357554426142,0.660441419543579,0.7689357554426142,5.793345785469992,6.74505048633872
350.0,0.1232876712328767,10.35,10.841828163460036,10.962501278637907,0.49182816346003655,0.6125012786379074,0.49182816346003655,0.6125012786379074,4.75196293198103,5.917886750124709
355.0,0.1232876712328767,9.4,9.725955059784425,9.801430826083447,0.32595505978442496,0.4014308260834465,0.32595505978442496,0.4014308260834465,3.4676070189832444,4.270540703015388
360.0,0.1232876712328767,8.55,8.70697325909336,8.821902637474874,0.15697325909335902,0.27190263747487364,0.15697325909335902,0.27190263747487364,1.8359445507995207,3.180147806723668
300.0,0.0821917808219178,30.525,23.211429198891807,23.330106098350505,-7.313570801108192,-7.194893901649493,7.313570801108192,7.194893901649493,-23.95928190371234,-23.570495992299733
305.0,0.0821917808219178,27.625,20.833848428674486,20.95061713218598,-6.791151571325514,-6.674382867814021,6.791151571325514,6.674382867814021,-24.58335410434575,-24.16066196493763
310.0,0.0821917808219178,24.975,18.631375270853567,18.704281820064374,-6.343624729146434,-6.270718179935628,6.343624729146434,6.270718179935628,-25.399898815401134,-25.10798070044295
315.0,0.0821917808219178,22.475,16.600497841821934,16.721771443581723,-5.874502158178068,-5.753228556418279,5.874502158178068,5.753228556418279,-26.1379406370548,-25.598347303307133
320.0,0.0821917808219178,20.2,14.736504480795631,14.75839950699655,-5.463495519204368,-5.441600493003449,5.463495519204368,5.441600493003449,-27.047007520813704,-26.93861630199727
325.0,0.0821917808219178,18.125,13.033611478362346,13.147189904556097,-5.091388521637654,-4.977810095443903,5.091388521637654,4.977810095443903,-28.09041942972499,-27.463779836931877
330.0,0.0821917808219178,16.2,11.485107610708027,11.53598030211564,-4.714892389291972,-4.66401969788436,4.714892389291972,4.66401969788436,-29.104274007975135,-28.79024504866889
340.0,0.0821917808219178,12.925,8.820725912365646,8.903874535973497,-4.104274087634355,-4.021125464026504,4.104274087634355,4.021125464026504,-31.754538395623634,-31.111222158812406
345.0,0.0821917808219178,11.525,7.688215056239571,7.766343182970823,-3.8367849437604296,-3.758656817029177,3.8367849437604296,3.758656817029177,-33.29097565084972,-32.61307433430956
350.0,0.0821917808219178,10.25,6.67714798397914,6.77789931987213,-3.5728520160208603,-3.4721006801278698,3.5728520160208603,3.4721006801278698,-34.8570928392279,-33.87415297685726
360.0,0.0821917808219178,8.149999999999999,4.983469896293208,5.089767436558508,-3.1665301037067906,-3.060232563441491,3.1665301037067906,3.060232563441491,-38.85313010683179,-37.548865809098054
315.0,0.1013698630136986,24.475,19.159729645509643,19.310060128246164,-5.315270354490359,-5.1649398717538375,5.315270354490359,5.1649398717538375,-21.71714138709033,-21.102920824326198
350.0,0.1013698630136986,12.075,8.654793945892536,8.758109783133843,-3.4202060541074637,-3.316890216866156,3.4202060541074637,3.316890216866156,-28.324687818695356,-27.469070118974383
290.0,0.1205479452054794,40.275000000000006,33.360059907152106,33.62692537575907,-6.9149400928479,-6.648074624240934,6.9149400928479,6.648074624240934,-17.169311217499438,-16.506702977631118
295.0,0.1205479452054794,37.150000000000006,30.69971478859975,30.9132373307764,-6.4502852114002565,-6.236762669223605,6.4502852114002565,6.236762669223605,-17.362813489637297,-16.78805563721024
300.0,0.1205479452054794,34.2,28.18624607669136,28.40736169358621,-6.0137539233086414,-5.792638306413792,6.0137539233086414,5.792638306413792,-17.58407579914807,-16.937538907642665
305.0,0.1205479452054794,31.425,25.818647798934393,26.02923861090438,-5.606352201065608,-5.395761389095622,5.606352201065608,5.395761389095622,-17.84042068755961,-17.17028286108392
310.0,0.1205479452054794,28.825,23.5951515811648,23.760580901984248,-5.2298484188352,-5.064419098015751,5.2298484188352,5.064419098015751,-18.14344637930685,-17.569537200401566
315.0,0.1205479452054794,26.4,21.513270094703117,21.708813186770676,-4.886729905296882,-4.691186813229322,4.886729905296882,4.691186813229322,-18.510340550366976,-17.76964701980804
320.0,0.1205479452054794,24.15,19.56984991881994,19.673028172699865,-4.580150081180058,-4.476971827300133,4.580150081180058,4.476971827300133,-18.96542476679113,-18.538185620290406
325.0,0.1205479452054794,22.05,17.76113223712825,17.931337419735407,-4.2888677628717495,-4.118662580264594,4.2888677628717495,4.118662580264594,-19.45064745066553,-18.678741860610405
330.0,0.1205479452054794,20.125,16.08281968217797,16.18964666677094,-4.04218031782203,-3.9353533332290596,4.04218031782203,3.9353533332290596,-20.08536803886723,-19.55455072411955
335.0,0.1205479452054794,18.35,14.530147595495535,14.668578069954428,-3.8198524045044664,-3.6814219300455733,3.8198524045044664,3.6814219300455733,-20.816634356972568,-20.062244850384594
340.0,0.1205479452054794,16.725,13.097957978205983,13.214278906471355,-3.6270420217940185,-3.5107210935286464,3.6270420217940185,3.5107210935286464,-21.686349906092783,-20.99085855622509
345.0,0.1205479452054794,15.25,11.7807744658747,11.885463047847132,-3.4692255341253,-3.364536952152868,3.4692255341253,3.364536952152868,-22.749019895903608,-22.062537391166344
350.0,0.1205479452054794,13.85,10.572876764378677,10.690535445950918,-3.277123235621323,-3.159464554049082,3.277123235621323,3.159464554049082,-23.661539607374173,-22.812018440787597
355.0,0.1205479452054794,12.65,9.46837312427175,9.541190814357803,-3.1816268757282504,-3.1088091856421975,3.1816268757282504,3.1088091856421975,-25.151200598642294,-24.575566684918556
360.0,0.1205479452054794,11.5,8.461269601234946,8.574264646800215,-3.038730398765054,-2.9257353531997854,3.038730398765054,2.9257353531997854,-26.423742597956988,-25.441176984345958
315.0,0.0986301369863013,23.675,18.80803591101305,18.953190619120058,-4.8669640889869505,-4.721809380879943,4.8669640889869505,4.721809380879943,-20.557398475129673,-19.944284607729433
320.0,0.0986301369863013,21.375,16.903109526434903,16.953062413003366,-4.471890473565097,-4.421937586996634,4.471890473565097,4.421937586996634,-20.92112502252677,-20.687427307586592
300.0,0.1178082191780822,33.525000000000006,27.858301893217543,28.06993077729952,-5.666698106782462,-5.455069222700487,5.666698106782462,5.455069222700487,-16.902902630223597,-16.271645705296006
305.0,0.1178082191780822,30.675,25.48981147040334,25.69156635556911,-5.185188529596662,-4.983433644430892,5.185188529596662,4.983433644430892,-16.903630088334676,-16.24591245128245
310.0,0.1178082191780822,28.05,23.267129452424058,23.423975926696595,-4.782870547575943,-4.626024073303405,4.782870547575943,4.626024073303405,-17.051231898666465,-16.492064432454207
315.0,0.1178082191780822,25.6,21.18772049469483,21.375868333246547,-4.412279505305172,-4.224131666753454,4.412279505305172,4.224131666753454,-17.235466817598326,-16.50051432325568
320.0,0.1178082191780822,23.325,19.24835875835511,19.343922187948163,-4.076641241644889,-3.9810778120518364,4.076641241644889,3.9810778120518364,-17.47756159333286,-17.067857715120414
325.0,0.1178082191780822,21.2,17.4451913077571,17.609359389189038,-3.7548086922429,-3.5906406108109614,3.7548086922429,3.5906406108109614,-17.711361755862736,-16.936984013259252
330.0,0.1178082191780822,19.275,15.773808059944798,15.874796590429913,-3.5011919400552003,-3.4002034095700857,3.5011919400552003,3.4002034095700857,-18.16441992246537,-17.640484615149603
340.0,0.1178082191780822,15.825,12.806418821477962,12.91859405746164,-3.0185811785220373,-2.9064059425383597,3.0185811785220373,2.9064059425383597,-19.07476258149787,-18.365914328836396
345.0,0.1178082191780822,14.325,11.49949118104999,11.60062397074668,-2.8255088189500093,-2.7243760292533192,2.8255088189500093,2.7243760292533192,-19.72431985305417,-19.01833179234429
350.0,0.1178082191780822,12.975,10.302660934722468,10.417545675119282,-2.672339065277532,-2.5574543248807178,2.672339065277532,2.5574543248807178,-20.59606216013512,-19.71063063491883
360.0,0.1178082191780822,10.6,8.21501108750428,8.326277392286528,-2.3849889124957198,-2.273722607713472,2.3849889124957198,2.273722607713472,-22.499895400903018,-21.450213280315772
290.0,0.0876712328767123,23.775,29.24962339587816,29.414706675613143,5.474623395878162,5.639706675613144,5.474623395878162,5.639706675613144,23.026807133031173,23.721163724976424
295.0,0.0876712328767123,21.325,26.52898536750473,26.640003125129926,5.203985367504732,5.315003125129927,5.203985367504732,5.315003125129927,24.40321391561422,24.923813013504933
300.0,0.0876712328767123,19.125,23.98081160463721,24.109949512292975,4.855811604637211,4.984949512292975,4.855811604637211,4.984949512292975,25.38986459941025,26.06509548911359
305.0,0.0876712328767123,17.075,21.60423624255324,21.73029430360632,4.529236242553242,4.655294303606322,4.529236242553242,4.655294303606322,26.525541684059984,27.2638026565524
310.0,0.0876712328767123,15.225,19.39714020904924,19.479507151039545,4.172140209049241,4.254507151039546,4.172140209049241,4.254507151039546,27.40321976387022,27.944217740818033
315.0,0.0876712328767123,13.525,17.35622251515295,17.484053634309625,3.83122251515295,3.9590536343096243,3.83122251515295,3.9590536343096243,28.326968688746394,29.27211559563493
320.0,0.0876712328767123,12.025,15.477094038603198,15.507180792295259,3.4520940386031977,3.4821807922952583,3.4520940386031977,3.4821807922952583,28.707642732666926,28.957844426571793
325.0,0.0876712328767123,10.675,13.754389901700634,13.87220696675597,3.079389901700633,3.197206966755969,3.079389901700633,3.197206966755969,28.846743809841996,29.950416550407198
330.0,0.0876712328767123,9.475,12.18189613744346,12.237233141216677,2.7068961374434597,2.7622331412166776,2.7068961374434597,2.7622331412166776,28.56882466958797,29.152856371679974
350.0,0.0876712328767123,5.9,7.247782227573026,7.348083898452892,1.3477822275730258,1.4480838984528912,1.3477822275730258,1.4480838984528912,22.843766569034337,24.543794889032053
265.0,0.1068493150684931,40.575,47.442735629177236,47.69822835417051,6.867735629177233,7.123228354170507,6.867735629177233,7.123228354170507,16.92602742865615,17.55570758883674
270.0,0.1068493150684931,37.2,43.9984384309943,44.26333986259215,6.798438430994295,7.063339862592144,6.798438430994295,7.063339862592144,18.275372126328747,18.987472748903613
275.0,0.1068493150684931,34.0,40.700570804762066,40.892545917369475,6.700570804762066,6.892545917369475,6.700570804762066,6.892545917369475,19.707561190476664,20.2721938746161
280.0,0.1068493150684931,31.0,37.5529836460114,37.80033942106051,6.552983646011398,6.800339421060507,6.552983646011398,6.800339421060507,21.138656922617415,21.93657877761454
285.0,0.1068493150684931,28.175,34.55859653307559,34.70813292475154,6.383596533075586,6.533132924751538,6.383596533075586,6.533132924751538,22.65695308988673,23.187694497787177
290.0,0.1068493150684931,25.55,31.719363233571926,31.937463228062654,6.169363233571925,6.3874632280626535,6.169363233571925,6.3874632280626535,24.146235747835323,24.999856078523106
295.0,0.1068493150684931,23.15,29.036255814943047,29.201268044577603,5.886255814943048,6.051268044577604,5.886255814943048,6.051268044577604,25.426590993274505,26.13938680163112
300.0,0.1068493150684931,20.924999999999997,26.509267260328272,26.68617996949041,5.584267260328275,5.7611799694904136,5.584267260328275,5.7611799694904136,26.687059786515054,27.532520762200306
305.0,0.1068493150684931,18.85,24.137431941333972,24.3070173582282,5.2874319413339705,5.4570173582281996,5.2874319413339705,5.4570173582281996,28.050036824052892,28.949694208107157
310.0,0.1068493150684931,17.0,21.91886279625436,22.044341471670553,4.918862796254359,5.044341471670553,4.918862796254359,5.044341471670553,28.934487036790348,29.67259689217972
315.0,0.1068493150684931,15.25,19.85080362367367,20.012467382246204,4.60080362367367,4.762467382246204,4.60080362367367,4.762467382246204,30.16920408966341,31.229294309811173
320.0,0.1068493150684931,13.725,17.92969454104727,17.997529289918653,4.204694541047269,4.272529289918653,4.204694541047269,4.272529289918653,30.635297202530193,31.12953945295922
325.0,0.1068493150684931,12.325,16.151248385445854,16.294226853403778,3.8262483854458544,3.9692268534037787,3.8262483854458544,3.9692268534037787,31.044611646619508,32.20468035216047
330.0,0.1068493150684931,11.05,14.510535654281952,14.590924416888893,3.4605356542819514,3.540924416888892,3.4605356542819514,3.540924416888892,31.317064744633043,32.044564858723
335.0,0.1068493150684931,9.925,13.002075498253717,13.119474963838352,3.0770754982537163,3.194474963838351,3.0770754982537163,3.194474963838351,31.003279579382532,32.18614573136877
340.0,0.1068493150684931,8.899999999999999,11.61993028346319,11.718193859211517,2.719930283463192,2.8181938592115188,2.719930283463192,2.8181938592115188,30.56101442093475,31.665099541702464
345.0,0.1068493150684931,8.0,10.35780132755582,10.44723515090985,2.357801327555819,2.447235150909851,2.357801327555819,2.447235150909851,29.47251659444774,30.590439386373134
350.0,0.1068493150684931,7.2,9.209123575552013,9.315327916238235,2.009123575552013,2.1153279162382352,2.009123575552013,2.1153279162382352,27.904494104889068,29.37955439219771
355.0,0.1068493150684931,6.45,8.167157202267916,8.230061751357827,1.7171572022679156,1.7800617513578265,1.7171572022679156,1.7800617513578265,26.622592283223494,27.59785661019886
360.0,0.1068493150684931,5.824999999999999,7.225074395781988,7.3314484582782615,1.4000743957819886,1.5064484582782622,1.4000743957819886,1.5064484582782622,24.03561194475517,25.86177610778133
290.0,0.1260273972602739,27.25,33.99211565573333,34.280887783301466,6.742115655733329,7.030887783301466,6.742115655733329,7.030887783301466,24.74170882837919,25.801423057987034
295.0,0.1260273972602739,24.85,31.340175895142266,31.57532815227716,6.490175895142265,6.725328152277157,6.490175895142265,6.725328152277157,26.117408028741508,27.063694777775275
300.0,0.1260273972602739,22.625,28.83183721556648,29.0728719238767,6.20683721556648,6.447871923876701,6.20683721556648,6.447871923876701,27.43353465443748,28.49888143149923
315.0,0.1260273972602739,16.85,22.154737480985915,22.365976069481878,5.304737480985914,5.5159760694818765,5.304737480985914,5.5159760694818765,31.482121548877824,32.73576302363131
320.0,0.1260273972602739,15.35,20.203730301194895,20.3229447783607,4.853730301194895,4.9729447783607,4.853730301194895,4.9729447783607,31.620392841660554,32.397034386714665
330.0,0.1260273972602739,12.475,16.693182329748183,16.81249591749302,4.218182329748183,4.337495917493021,4.218182329748183,4.337495917493021,33.81308480760067,34.769506352649465
340.0,0.1260273972602739,10.275,13.675202008250821,13.800601533950342,3.4002020082508206,3.5256015339503417,3.4002020082508206,3.5256015339503417,33.091990347939856,34.31242368808118
360.0,0.1260273972602739,6.925,8.952096231928977,9.069166604618346,2.0270962319289767,2.144166604618346,2.0270962319289767,2.144166604618346,29.272147753487026,30.962694651528462
285.0,0.1041095890410958,29.8,34.22597665750854,34.365274348814125,4.425976657508539,4.565274348814125,4.425976657508539,4.565274348814125,14.852270662780331,15.319712579913169
290.0,0.1041095890410958,27.0,31.379829098130784,31.589238336427883,4.379829098130784,4.589238336427883,4.379829098130784,4.589238336427883,16.221589252336237,16.997179023806975
295.0,0.1041095890410958,24.424999999999997,28.691817797635906,28.848105049299257,4.266817797635909,4.423105049299259,4.266817797635909,4.423105049299259,17.46905956043361,18.108925483313243
305.0,0.1041095890410958,19.8,23.789376921907433,23.951730517589247,3.989376921907432,4.151730517589247,3.989376921907432,4.151730517589247,20.148368292461775,20.96833594742044
310.0,0.1041095890410958,17.775,21.572077490672626,21.690467016892704,3.7970774906726277,3.9154670168927055,3.7970774906726277,3.9154670168927055,21.36189868170255,22.027943836245882
315.0,0.1041095890410958,15.9,19.507267265046522,19.663102146807127,3.607267265046522,3.7631021468071264,3.607267265046522,3.7631021468071264,22.687215503437244,23.66730909941589
335.0,0.1041095890410958,10.1,12.688988490766462,12.803022413705918,2.5889884907664626,2.7030224137059182,2.5889884907664626,2.7030224137059182,25.633549413529334,26.76259815550414
340.0,0.1041095890410958,9.0,11.318030340289042,11.413493671562513,2.3180303402890416,2.413493671562513,2.3180303402890416,2.413493671562513,25.75589266987824,26.81659635069459
345.0,0.1041095890410958,8.05,10.068149164601195,10.15529465481354,2.018149164601194,2.105294654813539,2.018149164601194,2.105294654813539,25.070175957778808,26.152728631224086
355.0,0.1041095890410958,6.4,7.9043945120159265,7.965989927807598,1.504394512015926,1.565989927807598,1.504394512015926,1.565989927807598,23.506164250248844,24.468592621993718
360.0,0.1041095890410958,5.75,6.976564821220364,7.082209947262488,1.2265648212203644,1.3322099472624878,1.2265648212203644,1.3322099472624878,21.33156210818025,23.168868648043265
250.0,0.1232876712328767,55.4,60.01857679260715,60.38302935958659,4.618576792607151,4.983029359586588,4.618576792607151,4.983029359586588,8.33678121409233,8.994637833188786
290.0,0.0821917808219178,22.8,28.499354675801698,28.65276835333854,5.699354675801697,5.85276835333854,5.699354675801697,5.85276835333854,24.997169630709195,25.670036637449734
295.0,0.0821917808219178,20.225,25.766323978615105,25.865022195032207,5.541323978615104,5.640022195032206,5.541323978615104,5.640022195032206,27.398388027763183,27.886389097810653
280.0,0.1013698630136986,30.3,36.901777371123586,37.13008758368257,6.601777371123585,6.830087583682566,6.601777371123585,6.830087583682566,21.788044129120742,22.541543180470512
290.0,0.1013698630136986,24.575,31.036158914414074,31.23724166476461,6.461158914414074,6.662241664764611,6.461158914414074,6.662241664764611,26.29159273413662,27.109833834240533
295.0,0.1013698630136986,22.05,28.343108371129148,28.49100296561676,6.293108371129147,6.441002965616761,6.293108371129147,6.441002965616761,28.54017401872629,29.210897803250614
300.0,0.1013698630136986,19.7,25.810378280816764,25.971918932197664,6.110378280816764,6.271918932197664,6.110378280816764,6.271918932197664,31.017148633587638,31.83715194008967
305.0,0.1013698630136986,17.55,23.4370250426594,23.592478094887976,5.887025042659399,6.042478094887976,5.887025042659399,6.042478094887976,33.54430223737549,34.430074614746296
310.0,0.1013698630136986,15.625,21.221104691522925,21.332710951240628,5.596104691522925,5.707710951240628,5.596104691522925,5.707710951240628,35.81507002574672,36.529350087940024
320.0,0.1013698630136986,12.3,17.249140658662782,17.304773202863174,4.949140658662781,5.0047732028631735,4.949140658662781,5.0047732028631735,40.23691592408765,40.68921303140791
325.0,0.1013698630136986,10.9,15.48479139871651,15.618995639030327,4.58479139871651,4.718995639030327,4.58479139871651,4.718995639030327,42.0623064102432,43.29353797275529
330.0,0.1013698630136986,9.65,13.861442845089599,13.933218075197466,4.211442845089598,4.283218075197466,4.211442845089598,4.283218075197466,43.64189476776786,44.38567953572503
335.0,0.1013698630136986,8.5,12.373264593738867,12.484218731396611,3.873264593738867,3.984218731396611,3.873264593738867,3.984218731396611,45.56781874986902,46.873161545842486
340.0,0.1013698630136986,7.525,11.013940158936222,11.106878317293782,3.488940158936222,3.581878317293782,3.488940158936222,3.581878317293782,46.36465327489996,47.59971185772468
345.0,0.1013698630136986,6.65,9.776773468541279,9.86188705758805,3.1267734685412787,3.211887057588049,3.1267734685412787,3.211887057588049,47.019149902876364,48.29905349756464
355.0,0.1013698630136986,5.25,7.640857842026222,7.701367005007892,2.3908578420262216,2.451367005007892,2.3908578420262216,2.451367005007892,45.54014937192803,46.69270485729318
360.0,0.1013698630136986,4.65,6.727743808546833,6.832851552127163,2.077743808546833,2.182851552127163,2.077743808546833,2.182851552127163,44.68266254939425,46.94304413176694
280.0,0.0986301369863013,39.55,36.570586568727975,36.78995388773704,-2.9794134312720217,-2.7600461122629554,2.9794134312720217,2.7600461122629554,-7.5332830120657945,-6.978624809767271
290.0,0.0986301369863013,32.875,30.688188926566028,30.88131406832678,-2.1868110734339723,-1.9936859316732196,2.1868110734339723,1.9936859316732196,-6.651896801320067,-6.064443898625763
295.0,0.0986301369863013,29.85,27.989954467955073,28.129791577460537,-1.8600455320449285,-1.7202084225394643,1.8600455320449285,1.7202084225394643,-6.231308315058387,-5.76284228656437
300.0,0.0986301369863013,27.0,25.45426893417698,25.60863239847746,-1.54573106582302,-1.3913676015225391,1.54573106582302,1.3913676015225391,-5.724929873418592,-5.153213338972367
305.0,0.0986301369863013,24.4,23.08020139205263,23.22908892892529,-1.3197986079473694,-1.170911071074709,1.3197986079473694,1.170911071074709,-5.409010688308891,-4.798815865060283
310.0,0.0986301369863013,21.975,20.86577693537535,20.970908255816347,-1.1092230646246506,-1.004091744183654,1.1092230646246506,1.004091744183654,-5.047658997154269,-4.569245707320382
325.0,0.0986301369863013,15.9,15.146309050087638,15.276593552286236,-0.7536909499123627,-0.623406447713764,0.7536909499123627,0.623406447713764,-4.740194653536872,-3.9207952686400245
330.0,0.0986301369863013,14.2,13.532225563938354,13.600124691569096,-0.6677744360616451,-0.599875308430903,0.6677744360616451,0.599875308430903,-4.7026368736735575,-4.224474003034528
335.0,0.0986301369863013,12.7,12.054837105133004,12.162999725137883,-0.6451628948669956,-0.5370002748621161,0.6451628948669956,0.5370002748621161,-5.080022794228312,-4.228348620961545
340.0,0.0986301369863013,11.325,10.70762003663971,10.798310168061345,-0.617379963360289,-0.5266898319386542,0.617379963360289,0.5266898319386542,-5.451478705168116,-4.650682842725423
345.0,0.0986301369863013,10.1,9.483661604828256,9.567000534036003,-0.6163383951717432,-0.5329994659639965,0.6163383951717432,0.5329994659639965,-6.102360348235081,-5.2772224352870944
350.0,0.0986301369863013,9.05,8.375770860448526,8.478004695458809,-0.6742291395514748,-0.5719953045411916,0.6742291395514748,0.5719953045411916,-7.450045740900273,-6.320390105427531
355.0,0.0986301369863013,8.05,7.376585420158449,7.4362300582440835,-0.6734145798415518,-0.6137699417559173,0.6734145798415518,0.6137699417559173,-8.36539850734847,-7.624471326160462
360.0,0.0986301369863013,7.2,6.478671908219269,6.5834299210493405,-0.7213280917807312,-0.6165700789506596,0.7213280917807312,0.6165700789506596,-10.018445719176821,-8.563473318759161
315.0,0.136986301369863,24.674999999999997,23.401845874350926,23.647999271162043,-1.2731541256490715,-1.0270007288379546,1.2731541256490715,1.0270007288379546,-5.159692505163411,-4.162110349900526
280.0,0.0958904109589041,42.1,36.23548919875029,36.44630696929036,-5.864510801249715,-5.65369303070964,5.864510801249715,5.65369303070964,-13.92995439726773,-13.42919959788513
290.0,0.0958904109589041,35.05,30.335744272008014,30.52128548685185,-4.714255727991983,-4.528714513148149,4.714255727991983,4.528714513148149,-13.450087669021348,-12.920726143076031
295.0,0.0958904109589041,31.85,27.632170991474084,27.764288679709757,-4.217829008525918,-4.085711320290244,4.217829008525918,4.085711320290244,-13.24279123556018,-12.827979027598882
300.0,0.0958904109589041,28.875,25.093468177078677,25.24099868753774,-3.7815318229213233,-3.63400131246226,3.7815318229213233,3.63400131246226,-13.096214105355234,-12.585285930605231
305.0,0.0958904109589041,26.1,22.718718838365703,22.861379821337422,-3.3812811616342984,-3.238620178662579,3.3812811616342984,3.238620178662579,-12.955100236146736,-12.40850643165739
310.0,0.0958904109589041,23.5,20.50591527038253,20.604882498518197,-2.9940847296174695,-2.8951175014818027,2.9940847296174695,2.8951175014818027,-12.740786083478595,-12.319648942475755
315.0,0.0958904109589041,21.15,18.452020950300778,18.592332917815117,-2.697979049699221,-2.5576670821848815,2.697979049699221,2.5576670821848815,-12.75640212623745,-12.092988568250032
320.0,0.0958904109589041,19.0,16.553050114243987,16.59760665852788,-2.4469498857560126,-2.40239334147212,2.4469498857560126,2.40239334147212,-12.878683609242172,-12.64417548143221
325.0,0.0958904109589041,17.0,14.804161993556534,14.9308435198313,-2.1958380064434664,-2.069156480168701,2.1958380064434664,2.069156480168701,-12.916694155549802,-12.171508706874711
330.0,0.0958904109589041,15.2,13.199766406358577,13.264080381134711,-2.000233593641422,-1.935919618865288,2.000233593641422,1.935919618865288,-13.159431537114619,-12.736313282008474
335.0,0.0958904109589041,13.6,11.733637262249843,11.839299251368931,-1.8663627377501566,-1.7607007486310682,1.8663627377501566,1.7607007486310682,-13.723255424633503,-12.946329034051974
340.0,0.0958904109589041,12.15,10.399030540551394,10.487751934087337,-1.7509694594486067,-1.6622480659126637,1.7509694594486067,1.6622480659126637,-14.411271271181947,-13.681054040433446
345.0,0.0958904109589041,10.8,9.18880343407102,9.270625682866829,-1.6111965659289815,-1.529374317133172,1.6111965659289815,1.529374317133172,-14.918486721564642,-14.160873306788629
350.0,0.0958904109589041,9.625,8.095531594232611,8.196924106527813,-1.529468405767389,-1.4280758934721867,1.529468405767389,1.4280758934721867,-15.890580839141705,-14.837152139970772
355.0,0.0958904109589041,8.600000000000001,7.111621748720054,7.170622168632003,-1.488378251279947,-1.4293778313679981,1.488378251279947,1.4293778313679981,-17.306723852092404,-16.620672457767416
360.0,0.0958904109589041,7.65,6.229417366269985,6.334008818012425,-1.4205826337300156,-1.3159911819875756,1.4205826337300156,1.3159911819875756,-18.569707630457717,-17.2024991109487
300.0,0.1150684931506849,30.65,27.526765121174662,27.729226988505758,-3.123234878825336,-2.9207730114942407,3.123234878825336,2.9207730114942407,-10.189999604650362,-9.529438862950215
310.0,0.1150684931506849,25.35,22.935616364092397,23.08417394884159,-2.4143836359076047,-2.265826051158413,2.4143836359076047,2.265826051158413,-9.524195802396862,-8.938169827054883
350.0,0.1150684931506849,11.225,10.031177722368497,10.143529663081388,-1.1938222776315026,-1.0814703369186116,1.1938222776315026,1.0814703369186116,-10.635387774000025,-9.634479616201439
310.0,0.1342465753424657,27.0,25.186752868369837,25.399416201786234,-1.8132471316301633,-1.6005837982137656,1.8132471316301633,1.6005837982137656,-6.715730117148754,-5.928088141532465
325.0,0.1342465753424657,20.4,19.29980732913303,19.504481849447036,-1.1001926708669671,-0.895518150552963,1.1001926708669671,0.895518150552963,-5.393101327779251,-4.38979485565178
335.0,0.0876712328767123,14.15,10.752686138946473,10.852619855844374,-3.3973138610535276,-3.2973801441556265,3.3973138610535276,3.2973801441556265,-24.009285237127404,-23.30303988802563
340.0,0.0876712328767123,12.6,9.459262390304445,9.543776074713483,-3.140737609695554,-3.056223925286517,3.140737609695554,3.056223925286517,-24.92648896583773,-24.25574543878188
345.0,0.0876712328767123,11.15,8.29369916524719,8.372525397600388,-2.85630083475281,-2.7774746023996126,2.85630083475281,2.7774746023996126,-25.61704784531668,-24.910086120175897
355.0,0.0876712328767123,8.8,6.313142042769499,6.371512614125875,-2.4868579572305016,-2.428487385874126,2.4868579572305016,2.428487385874126,-28.259749513982968,-27.59644756675143
360.0,0.0876712328767123,7.775,5.481377578047763,5.586513116423065,-2.2936224219522376,-2.1884868835769353,2.2936224219522376,2.1884868835769353,-29.499966841829423,-28.14774126787055
250.0,0.084931506849315,64.9,56.65836061897272,56.83426799499682,-8.241639381027284,-8.065732005003184,8.241639381027284,8.065732005003184,-12.698982097114458,-12.427938374427093
290.0,0.084931506849315,32.8,28.877268417647855,29.036315832154184,-3.9227315823521423,-3.7636841678458133,3.9227315823521423,3.7636841678458133,-11.959547507171168,-11.474646853188455
275.0,0.1041095890410958,45.099999999999994,40.387417987924124,40.56840766695443,-4.71258201207587,-4.531592333045566,4.71258201207587,4.531592333045566,-10.449184062252485,-10.047876569945824
335.0,0.0821917808219178,15.35,10.083510010525615,10.181134281917082,-5.266489989474385,-5.168865718082918,5.266489989474385,5.168865718082918,-34.309381038921074,-33.67339230021445
355.0,0.0821917808219178,9.5,5.778556075235052,5.8375661998848845,-3.721443924764948,-3.6624338001151155,3.721443924764948,3.6624338001151155,-39.17309394489419,-38.55193473805385
320.0,0.1150684931506849,29.075,18.923704239823707,19.01192417117206,-10.151295760176293,-10.063075828827941,10.151295760176293,10.063075828827941,-34.91417286389095,-34.610750916003234
325.0,0.1150684931506849,26.475,17.126324660937442,17.28474839605742,-9.34867533906256,-9.190251603942581,9.34867533906256,9.190251603942581,-35.31133272544876,-34.71294279109568
330.0,0.1150684931506849,24.075,15.462149501167929,15.557572620942768,-8.61285049883207,-8.517427379057231,8.61285049883207,8.517427379057231,-35.77507995361193,-35.37872223907469
300.0,0.1643835616438356,45.325,33.0271120734763,33.44048602450484,-12.2978879265237,-11.88451397549516,12.2978879265237,11.88451397549516,-27.132681580857582,-26.22065962602352
320.0,0.1643835616438356,33.650000000000006,24.350880043472273,24.610916096799208,-9.299119956527733,-9.039083903200797,9.299119956527733,9.039083903200797,-27.63482899413887,-26.862062119467446
325.0,0.1643835616438356,31.125,22.477532690478014,22.781489480153706,-8.647467309521986,-8.343510519846294,8.647467309521986,8.343510519846294,-27.78302750047224,-26.806459501514198
330.0,0.1643835616438356,28.75,20.716845407658468,20.952062863508203,-8.033154592341532,-7.797937136491797,8.033154592341532,7.797937136491797,-27.94140727770968,-27.12325960518886
335.0,0.1643835616438356,26.55,19.065447958770392,19.315139891613967,-7.484552041229609,-7.234860108386034,7.484552041229609,7.234860108386034,-28.190403168473104,-27.249943911058505
340.0,0.1643835616438356,24.5,17.519713442262443,17.73647652292133,-6.980286557737557,-6.763523477078671,6.980286557737557,6.763523477078671,-28.490965541785947,-27.606218273790496
345.0,0.1643835616438356,22.575,16.075798312699803,16.270068896339804,-6.4992016873001965,-6.304931103660195,6.4992016873001965,6.304931103660195,-28.78937624496211,-27.928819949768307
350.0,0.1643835616438356,20.8,14.729682247832258,14.923435973141064,-6.0703177521677425,-5.8765640268589365,6.0703177521677425,5.8765640268589365,-29.184219962344915,-28.25271166759104
360.0,0.1643835616438356,17.65,12.31411582388455,12.482758578001139,-5.335884176115449,-5.16724142199886,5.335884176115449,5.16724142199886,-30.231638391588948,-29.276155365432633
300.0,0.1616438356164383,48.075,32.743705073795155,33.14299947976087,-15.331294926204848,-14.932000520239136,15.331294926204848,14.932000520239136,-31.89036906126853,-31.059803474236368
315.0,0.1616438356164383,38.724999999999994,26.056415853110906,26.39720856990433,-12.668584146889089,-12.327791430095665,12.668584146889089,12.327791430095665,-32.71422633154058,-31.834193492822898
320.0,0.1616438356164383,35.925,24.06936702359249,24.31778713080056,-11.855632976407506,-11.607212869199437,11.855632976407506,11.607212869199437,-33.00106604427977,-32.3095695732761
325.0,0.1616438356164383,33.275000000000006,22.199025525006675,22.492720436580534,-11.07597447499333,-10.782279563419472,11.07597447499333,10.782279563419472,-33.286174229882285,-32.4035448938226
330.0,0.1616438356164383,30.8,20.44226339350395,20.66765374236052,-10.35773660649605,-10.13234625763948,10.35773660649605,10.13234625763948,-33.629014956156006,-32.89722810921909
335.0,0.1616438356164383,28.45,18.79564867204654,19.036576240941883,-9.65435132795346,-9.413423759058116,9.65435132795346,9.413423759058116,-33.93445106486278,-33.08760547999338
340.0,0.1616438356164383,26.3,17.25548632800654,17.46420793130302,-9.04451367199346,-8.835792068696982,9.04451367199346,8.835792068696982,-34.38978582507019,-33.59616756158548
345.0,0.1616438356164383,24.25,15.817859654510457,16.00482854844324,-8.432140345489543,-8.245171451556761,8.432140345489543,8.245171451556761,-34.77171276490533,-34.00070701672891
350.0,0.1616438356164383,22.375,14.478671513956286,14.666006162811378,-7.896328486043714,-7.708993837188622,7.896328486043714,7.708993837188622,-35.29085356891045,-34.45360374162513
360.0,0.1616438356164383,19.0,12.078561811643723,12.242220711417408,-6.9214381883562766,-6.757779288582592,6.9214381883562766,6.757779288582592,-36.428622043980404,-35.56725941359259
290.0,0.1589041095890411,54.525000000000006,37.545552485208646,37.99226400095969,-16.97944751479136,-16.532735999040312,16.97944751479136,16.532735999040312,-31.14066485977324,-30.32138651818489
295.0,0.1589041095890411,50.975,34.93801182743323,35.32784943163069,-16.036988172566772,-15.647150568369312,16.036988172566772,15.647150568369312,-31.460496660258503,-30.69573431754647
300.0,0.1589041095890411,47.525000000000006,32.45806077228946,32.84352838285041,-15.066939227710549,-14.681471617149597,15.066939227710549,14.681471617149597,-31.70318617087964,-30.892102298052805
315.0,0.1589041095890411,38.175,25.77074177270123,26.09998640492416,-12.404258227298769,-12.075013595075838,12.404258227298769,12.075013595075838,-32.493145323637904,-31.63068394256932
320.0,0.1589041095890411,35.375,23.78581315453451,24.022841859637413,-11.589186845465491,-11.352158140362587,11.589186845465491,11.352158140362587,-32.76095221333001,-32.09090640385184
325.0,0.1589041095890411,32.775000000000006,21.918588101791443,22.202255268011946,-10.856411898208563,-10.57274473198806,10.856411898208563,10.57274473198806,-33.124063762650074,-32.25856516243496
330.0,0.1589041095890411,30.3,20.16588249238073,20.38166867638648,-10.134117507619269,-9.918331323613522,10.134117507619269,9.918331323613522,-33.445932368380426,-32.73376674459908
335.0,0.1589041095890411,27.975,18.524200152934014,18.756587351173756,-9.450799847065987,-9.218412648826245,9.450799847065987,9.218412648826245,-33.78302000738512,-32.95232403512509
340.0,0.1589041095890411,25.825,16.98977519945251,17.19067404462244,-8.83522480054749,-8.634325955377559,8.83522480054749,8.634325955377559,-34.21190629447237,-33.43398240223643
345.0,0.1589041095890411,23.8,15.5586148918227,15.73849431867653,-8.241385108177301,-8.061505681323471,8.241385108177301,8.061505681323471,-34.627668521753364,-33.871872610602814
350.0,0.1589041095890411,21.925,14.226542325850176,14.407666121173548,-7.698457674149825,-7.517333878826452,7.698457674149825,7.517333878826452,-35.11269178631619,-34.2865855362666
355.0,0.1589041095890411,20.175,12.989238339554674,13.119347648783862,-7.185761660445326,-7.055652351216139,7.185761660445326,7.055652351216139,-35.617158168254406,-34.97225452895236
360.0,0.1589041095890411,18.55,11.842282073115541,12.001148822178088,-6.70771792688446,-6.548851177821913,6.70771792688446,6.548851177821913,-36.16020445759816,-35.30377993434993
285.0,0.0986301369863013,30.700000000000003,33.548818834074694,33.66864498975545,2.8488188340746916,2.9686449897554468,2.8488188340746916,2.9686449897554468,9.27954017613906,9.669853386825558
290.0,0.1561643835616438,32.075,37.263232764708505,37.69516107973975,5.188232764708502,5.620161079739745,5.188232764708502,5.620161079739745,16.175316491686676,17.521936335899436
295.0,0.1561643835616438,29.175,34.65231140509482,35.02772366228161,5.47731140509482,5.852723662281608,5.47731140509482,5.852723662281608,18.773989391927405,20.060749485112623
300.0,0.1561643835616438,26.45,32.17012135569138,32.54202027913873,5.720121355691379,6.092020279138733,5.720121355691379,6.092020279138733,21.626167696375724,23.03221277557177
305.0,0.1561643835616438,23.925,29.815606544146647,30.1680377858672,5.890606544146646,6.243037785867198,5.890606544146646,6.243037785867198,24.62113498075923,26.094201821806468
310.0,0.1561643835616438,21.6,27.587206580372936,27.88969036587568,5.987206580372934,6.289690365875678,5.987206580372934,6.289690365875678,27.718548983208024,29.118936879054065
315.0,0.1561643835616438,19.45,25.482886206549097,25.800830175763657,6.032886206549097,6.350830175763658,6.032886206549097,6.350830175763658,31.017409802308986,32.65208316587999
320.0,0.1561643835616438,17.5,23.50016918708421,23.726035342709274,6.000169187084211,6.226035342709274,6.000169187084211,6.226035342709274,34.286681069052634,35.57734481548157
325.0,0.1561643835616438,15.75,21.636175874383085,21.91005413284098,5.886175874383085,6.16005413284098,5.886175874383085,6.16005413284098,37.37254523417832,39.11145481168876
330.0,0.1561643835616438,14.1,19.887663659865936,20.094072922972686,5.787663659865936,5.994072922972686,5.787663659865936,5.994072922972686,41.047259999049196,42.511155482075786
335.0,0.1561643835616438,12.65,18.25106951288309,18.475144624955174,5.601069512883091,5.825144624955174,5.601069512883091,5.825144624955174,44.277229350854476,46.048574110317574
340.0,0.1561643835616438,11.35,16.722553821826224,16.915852727427527,5.372553821826225,5.565852727427528,5.372553821826225,5.565852727427528,47.33527596322665,49.03835002138791
345.0,0.1561643835616438,10.15,15.298044780309269,15.47105076310653,5.148044780309268,5.3210507631065305,5.148044780309268,5.3210507631065305,50.719653007973086,52.42414544932542
350.0,0.1561643835616438,9.125,13.973282604837877,14.148407340809749,4.848282604837877,5.023407340809749,4.848282604837877,5.023407340809749,53.13186416260687,55.05103935133972
355.0,0.1561643835616438,8.175,12.743862926666466,12.868488285153774,4.5688629266664655,4.693488285153773,4.5688629266664655,4.693488285153773,55.88823151885585,57.412700735825965
360.0,0.1561643835616438,7.35,11.605278767117497,11.759547849093767,4.255278767117497,4.409547849093768,4.255278767117497,4.409547849093768,57.89494921248296,59.99384828699004
315.0,0.1150684931506849,20.825,20.85881735119459,21.039876142856812,0.03381735119458895,0.2148761428568129,0.03381735119458895,0.2148761428568129,0.16238824103043914,1.031818212997901
345.0,0.1150684931506849,10.0,11.216571355604714,11.314399616735846,1.2165713556047137,1.3143996167358463,1.2165713556047137,1.3143996167358463,12.165713556047137,13.143996167358463
360.0,0.1150684931506849,6.875,7.968226989171711,8.07796874930505,1.0932269891717112,1.2029687493050503,1.0932269891717112,1.2029687493050503,15.901483478861254,17.497727262618913
265.0,0.1534246575342465,57.9,51.99689543046577,52.507819453070596,-5.903104569534229,-5.392180546929403,5.903104569534229,5.392180546929403,-10.19534467967915,-9.31291977017168
290.0,0.1534246575342465,38.974999999999994,36.978626663899945,37.39604935340934,-1.9963733361000493,-1.5789506465906555,1.9963733361000493,1.5789506465906555,-5.122189444772418,-4.051188317102388
295.0,0.1534246575342465,35.7,34.36427513668448,34.72552597010513,-1.3357248633155194,-0.9744740298948713,1.3357248633155194,0.9744740298948713,-3.7415262277745636,-2.729619131358183
300.0,0.1534246575342465,32.625,31.879826443247538,32.23841996411204,-0.7451735567524622,-0.38658003588795964,0.7451735567524622,0.38658003588795964,-2.2840568789347504,-1.184919650231294
305.0,0.1534246575342465,29.75,29.524226686349436,29.86406968209917,-0.22577331365056352,0.11406968209917068,0.22577331365056352,0.11406968209917068,-0.7589018946237429,0.38342750285435523
310.0,0.1534246575342465,27.075,27.295903014131568,27.58624937713175,0.22090301413156865,0.511249377131751,0.22090301413156865,0.511249377131751,0.8158929423141963,1.8882710143370305
315.0,0.1534246575342465,24.575,25.192793852731796,25.49968942595857,0.617793852731797,0.9246894259585723,0.617793852731797,0.9246894259585723,2.513911913455939,3.7627240120389516
320.0,0.1534246575342465,22.275,23.212383821501277,23.427320385212056,0.9373838215012782,1.1523203852120574,0.9373838215012782,1.1523203852120574,4.208232644225716,5.173155489167486
325.0,0.1534246575342465,20.175,21.351742527748,21.616075248308704,1.1767425277480008,1.441075248308703,1.1767425277480008,1.441075248308703,5.83267671746221,7.142876075879569
330.0,0.1534246575342465,18.25,19.607566408488708,19.804830111405362,1.357566408488708,1.5548301114053622,1.357566408488708,1.5548301114053622,7.438720046513468,8.519617048796507
335.0,0.1534246575342465,16.5,17.97622277833311,18.192218198276482,1.4762227783331099,1.692218198276482,1.4762227783331099,1.692218198276482,8.946804717170362,10.255867868342316
340.0,0.1534246575342465,14.9,16.453795254192045,16.639720953702103,1.5537952541920443,1.7397209537021023,1.5537952541920443,1.7397209537021023,10.42815606840298,11.675979555047666
345.0,0.1534246575342465,13.45,15.036129757332944,15.20248192269921,1.5861297573329445,1.7524819226992108,1.5861297573329445,1.7524819226992108,11.792786299873194,13.029605373228334
350.0,0.1534246575342465,12.15,13.718880339297641,13.888221173994705,1.5688803392976407,1.7382211739947042,1.5688803392976407,1.7382211739947042,12.912595385165767,14.306347111067524
355.0,0.1534246575342465,10.95,12.497554137948796,12.616900764147644,1.5475541379487971,1.6669007641476448,1.5475541379487971,1.6669007641476448,14.132914501815499,15.222838028745617
360.0,0.1534246575342465,9.9,11.367554840756199,11.517423272992659,1.4675548407561987,1.6174232729926583,1.4675548407561987,1.6174232729926583,14.823786270264632,16.33760881810766
300.0,0.1452054794520547,39.15,30.994162925957824,31.314469005315168,-8.155837074042175,-7.835530994684831,8.155837074042175,7.835530994684831,-20.832278605471714,-20.014127700344396
310.0,0.1452054794520547,32.775000000000006,26.407538953512244,26.663001732050258,-6.367461046487762,-6.1119982679497475,6.367461046487762,6.1119982679497475,-19.427798768841377,-18.648354745842095
315.0,0.1452054794520547,29.9,24.30850588216191,24.583815806276192,-5.591494117838089,-5.316184193723807,5.591494117838089,5.316184193723807,-18.70064922353876,-17.779880246567917
320.0,0.1452054794520547,27.25,22.335632995348035,22.519216532120563,-4.9143670046519645,-4.730783467879437,4.9143670046519645,4.730783467879437,-18.034374328998034,-17.36067327662179
325.0,0.1452054794520547,24.725,20.485823991274074,20.723023110731962,-4.239176008725927,-4.00197688926804,4.239176008725927,4.00197688926804,-17.145302360873313,-16.18595304051785
330.0,0.1452054794520547,22.425,18.755576068164885,18.92682968934332,-3.669423931835116,-3.498170310656679,3.669423931835116,3.498170310656679,-16.363094456343884,-15.599421675169136
335.0,0.1452054794520547,20.3,17.14102903713568,17.334218155402343,-3.15897096286432,-2.9657818445976574,3.15897096286432,2.9657818445976574,-15.56143331460256,-14.609762781269248
340.0,0.1452054794520547,18.35,15.638016062017172,15.80321896130594,-2.711983937982829,-2.5467810386940606,2.711983937982829,2.5467810386940606,-14.779204021704789,-13.878915742201963
345.0,0.1452054794520547,16.6,14.242115079626416,14.389856643676662,-2.3578849203735857,-2.2101433563233392,2.3578849203735857,2.2101433563233392,-14.2041260263469,-13.314116604357466
350.0,0.1452054794520547,15.0,12.948700008728224,13.102010595600746,-2.051299991271776,-1.8979894043992545,2.051299991271776,1.8979894043992545,-13.675333275145174,-12.65326269599503
355.0,0.1452054794520547,13.5,11.752990928090327,11.85775976637943,-1.7470090719096731,-1.6422402336205693,1.7470090719096731,1.6422402336205693,-12.940807940071652,-12.164742471263477
360.0,0.1452054794520547,12.2,10.65010249019143,10.787972619754306,-1.54989750980857,-1.4120273802456929,1.54989750980857,1.4120273802456929,-12.704077949250575,-11.573994920046664
300.0,0.1424657534246575,35.525000000000006,30.693784933213323,31.001886928858138,-4.831215066786683,-4.523113071141868,4.831215066786683,4.523113071141868,-13.599479427970957,-12.732197244593573
310.0,0.1424657534246575,29.475,26.106377955046042,26.350735844951195,-3.368622044953959,-3.124264155048806,3.368622044953959,3.124264155048806,-11.428743155060081,-10.599708753346246
315.0,0.1424657534246575,26.75,24.008862705086187,24.274178431883325,-2.7411372949138126,-2.4758215681166753,2.7411372949138126,2.4758215681166753,-10.247242223976869,-9.255407731277291
320.0,0.1424657534246575,24.2,22.038723630815113,22.212346408061745,-2.161276369184886,-1.9876535919382547,2.161276369184886,1.9876535919382547,-8.930894087540853,-8.213444594786177
325.0,0.1424657534246575,21.85,20.1928040744598,20.421473118386977,-1.6571959255402007,-1.428526881613024,1.6571959255402007,1.428526881613024,-7.584420711854464,-6.537880465048166
330.0,0.1424657534246575,19.7,18.467528774783602,18.630599828712207,-1.232471225216397,-1.0694001712877927,1.232471225216397,1.0694001712877927,-6.256199112773589,-5.428427265420268
335.0,0.1424657534246575,17.75,16.858954871773904,17.045031414316,-0.8910451282260965,-0.704968585684,0.8910451282260965,0.704968585684,-5.019972553386459,-3.971654003853521
340.0,0.1424657534246575,15.95,15.362824631368426,15.521596787488003,-0.5871753686315735,-0.42840321251199676,0.5871753686315735,0.42840321251199676,-3.681350273552185,-2.6859135580689455
345.0,0.1424657534246575,14.35,13.97461888695085,14.116617261628834,-0.37538111304914956,-0.23338273837116574,0.37538111304914956,0.23338273837116574,-2.615896258182227,-1.626360546140528
350.0,0.1424657534246575,12.85,12.689610252587372,12.838027035024195,-0.16038974741262813,-0.011972964975804246,0.16038974741262813,0.011972964975804246,-1.2481692405651994,-0.09317482471442994
355.0,0.1424657534246575,11.55,11.502915240079474,11.603252224042354,-0.04708475992052641,0.05325222404235319,0.04708475992052641,0.05325222404235319,-0.4076602590521766,0.4610582168169107
360.0,0.1424657534246575,10.35,10.409544504155946,10.54382230098341,0.05954450415594614,0.1938223009834097,0.05954450415594614,0.1938223009834097,0.5753092188980304,1.8726792365546832
300.0,0.1397260273972602,33.325,30.3907048831355,30.686889309391947,-2.9342951168645044,-2.6381106906080554,2.9342951168645044,2.6381106906080554,-8.805086622249075,-7.916311149611569
310.0,0.1397260273972602,27.4,25.802578266892283,26.036098995713992,-1.5974217331077156,-1.3639010042860065,1.5974217331077156,1.3639010042860065,-5.8300063252106415,-4.9777408915547685
315.0,0.1397260273972602,24.75,23.706666802901395,23.96226238219684,-1.0433331970986046,-0.7877376178031597,1.0433331970986046,0.7877376178031597,-4.215487665044867,-3.1827782537501403
320.0,0.1397260273972602,22.275,21.739381073039254,21.903293560892156,-0.5356189269607441,-0.37170643910784307,0.5356189269607441,0.37170643910784307,-2.404574307343408,-1.668715776017253
325.0,0.1397260273972602,20.0,19.897501257793294,20.117903800220503,-0.10249874220670563,0.11790380022050329,0.10249874220670563,0.11790380022050329,-0.5124937110335281,0.5895190011025164
330.0,0.1397260273972602,17.95,18.17737628178955,18.332514039548855,0.2273762817895495,0.3825140395488553,0.2273762817895495,0.3825140395488553,1.2667202328108607,2.1309974348125644
335.0,0.1397260273972602,16.05,16.574976825955375,16.75419110520204,0.524976825955374,0.7041911052020389,0.524976825955374,0.7041911052020389,3.2708836508122987,4.38748352150803
340.0,0.1397260273972602,14.35,15.085950158183664,15.238535198035354,0.7359501581836643,0.8885351980353544,0.7359501581836643,0.8885351980353544,5.128572530896616,6.191882913138358
350.0,0.1397260273972602,11.45,12.42932045244217,12.573072282040222,0.9793204524421704,1.1230722820402228,0.9793204524421704,1.1230722820402228,8.553017051896685,9.80849154620282
355.0,0.1397260273972602,10.25,11.251892984151581,11.348015241962365,1.0018929841515813,1.098015241962365,1.0018929841515813,1.098015241962365,9.774565699039819,10.712343824023073
360.0,0.1397260273972602,9.15,10.168295789108086,10.299187085981398,1.0182957891080857,1.1491870859813975,1.0182957891080857,1.1491870859813975,11.128915727957219,12.559421704714726
260.0,0.136986301369863,55.425,53.900790717554344,54.33455399752785,-1.5242092824456535,-1.0904460024721487,1.5242092824456535,1.0904460024721487,-2.75003930075896,-1.9674262561518248
270.0,0.136986301369863,47.325,47.13782268794316,47.54795820980481,-0.1871773120568463,0.2229582098048084,0.1871773120568463,0.2229582098048084,-0.39551465833459326,0.47112141532975893
290.0,0.136986301369863,32.95,35.21941414003166,35.55593051628151,2.2694141400316568,2.6059305162815036,2.2694141400316568,2.6059305162815036,6.887448072933708,7.908742082796671
295.0,0.136986301369863,29.825,32.583308896126766,32.865398270416854,2.758308896126767,3.040398270416855,2.758308896126767,3.040398270416855,9.24831147066812,10.19412664012357
300.0,0.136986301369863,26.95,30.084843083686764,30.369400606195647,3.1348430836867642,3.419400606195648,3.1348430836867642,3.419400606195648,11.632070811453671,12.687942880132274
305.0,0.136986301369863,24.225,27.722980719637604,27.99299296072823,3.497980719637603,3.767992960728229,3.497980719637603,3.767992960728229,14.43954889427287,15.554150508682058
310.0,0.136986301369863,21.75,25.496063354044395,25.719018127191518,3.746063354044395,3.969018127191518,3.746063354044395,3.969018127191518,17.22327978870986,18.24835920547824
320.0,0.136986301369863,17.35,21.437538847715246,21.591994442125873,4.087538847715244,4.241994442125872,4.087538847715244,4.241994442125872,23.559301715938005,24.449535689486293
325.0,0.136986301369863,15.45,19.599856297610813,19.812259508608722,4.149856297610814,4.362259508608723,4.149856297610814,4.362259508608723,26.859911311396857,28.23468937610824
330.0,0.136986301369863,13.75,17.885067755227723,18.03252457509156,4.135067755227723,4.282524575091561,4.135067755227723,4.282524575091561,30.073220038019805,31.14563327339317
335.0,0.136986301369863,12.25,16.289053404412456,16.46165882773246,4.039053404412456,4.21165882773246,4.039053404412456,4.21165882773246,32.97186452581597,34.38088838965274
340.0,0.136986301369863,10.85,14.807361149303773,14.954005576543675,3.9573611493037735,4.104005576543676,3.9573611493037735,4.104005576543676,36.47337464796105,37.82493618934264
345.0,0.136986301369863,9.625,13.435264473870745,13.566483114689277,3.8102644738707454,3.9414831146892766,3.8102644738707454,3.9414831146892766,39.58716336489086,40.950473918849625
350.0,0.136986301369863,8.55,12.16782002884537,12.307137879131492,3.617820028845369,3.7571378791314913,3.617820028845369,3.7571378791314913,42.313684547899044,43.9431330892572
355.0,0.136986301369863,7.574999999999999,10.999923970054454,11.092050360178728,3.4249239700544543,3.517050360178729,3.4249239700544543,3.517050360178729,45.21351775649445,46.429707725131735
360.0,0.136986301369863,6.7,9.926366178451701,10.054077773208824,3.226366178451701,3.3540777732088243,3.226366178451701,3.3540777732088243,48.15471908136867,50.06086228669887
290.0,0.1342465753424657,29.65,34.91695780420929,35.24105749657409,5.266957804209291,5.591057496574095,5.266957804209291,5.591057496574095,17.76376999733319,18.856854963150404
300.0,0.1342465753424657,24.025,29.77611581256309,30.049341101940495,5.751115812563093,6.024341101940497,5.751115812563093,6.024341101940497,23.93804708663098,25.075301152717987
305.0,0.1342465753424657,21.5,27.41325651960068,27.67262001531563,5.913256519600679,6.17262001531563,5.913256519600679,6.17262001531563,27.503518695817114,28.709860536351766
315.0,0.1342465753424657,17.1,23.094324099724076,23.33131707057466,5.994324099724075,6.231317070574658,5.994324099724075,6.231317070574658,35.0545268989712,36.440450705114955
320.0,0.1342465753424657,15.175,21.13312736504102,21.278382210166203,5.958127365041019,6.1033822101662025,5.958127365041019,6.1033822101662025,39.262783295163224,40.219981615592765
330.0,0.1342465753424657,11.9,17.590550306047064,17.730581488727864,5.690550306047063,5.830581488727864,5.690550306047063,5.830581488727864,47.81975047098372,48.996483098553476
335.0,0.1342465753424657,10.5,16.001141672751913,16.16739459827999,5.501141672751913,5.667394598279991,5.501141672751913,5.667394598279991,52.391825454780125,53.97518665028562
340.0,0.1342465753424657,9.25,14.527025315815337,14.6679783610221,5.277025315815337,5.417978361022101,5.277025315815337,5.417978361022101,57.048922333138776,58.57273903807677
345.0,0.1342465753424657,8.149999999999999,13.163363908545719,13.28955074791287,5.0133639085457204,5.139550747912871,5.0133639085457204,5.139550747912871,61.51366758951805,63.06197236702911
350.0,0.1342465753424657,7.2,11.905098887012443,12.040215654238015,4.705098887012443,4.840215654238015,4.705098887012443,4.840215654238015,65.34859565295059,67.22521741997242
355.0,0.1342465753424657,6.35,10.747009088468175,10.83535998682456,4.397009088468176,4.485359986824561,4.397009088468176,4.485359986824561,69.24423761367207,70.63559034369388
360.0,0.1342465753424657,5.6,9.683767130098929,9.808506511147067,4.083767130098929,4.208506511147068,4.083767130098929,4.208506511147068,72.92441303748087,75.15190198476907
305.0,0.1260273972602739,23.65,26.466081875450897,26.695273391848456,2.816081875450898,3.0452733918484576,2.816081875450898,3.0452733918484576,11.907322940595764,12.876420261515678
310.0,0.1260273972602739,21.1,24.24118145863119,24.424648369794802,3.1411814586311877,3.324648369794801,3.1411814586311877,3.324648369794801,14.887115917683353,15.756627344999055
325.0,0.1260273972602739,14.7,18.38457494023565,18.56772034792686,3.6845749402356525,3.867720347926859,3.6845749402356525,3.867720347926859,25.06513564786158,26.31102277501265
335.0,0.1260273972602739,11.45,15.125024472644313,15.273785635920245,3.6750244726443135,3.8237856359202453,3.6750244726443135,3.8237856359202453,32.09628360388047,33.39550773729472
345.0,0.1260273972602739,8.850000000000001,12.338512725241856,12.45106136402714,3.488512725241854,3.6010613640271387,3.488512725241854,3.6010613640271387,39.41822288408874,40.68995891556088
350.0,0.1260273972602739,7.775,11.109519653769652,11.23344687565455,3.334519653769652,3.45844687565455,3.334519653769652,3.45844687565455,42.887712588677196,44.48163184121607
355.0,0.1260273972602739,6.824999999999999,9.982617487675569,10.060976213452053,3.1576174876755694,3.2359762134520533,3.1576174876755694,3.2359762134520533,46.26545769488014,47.413570893070386
280.0,0.0821917808219178,44.175,34.49593210155072,34.67009670223364,-9.679067898449276,-9.504903297766354,9.679067898449276,9.504903297766354,-21.910736612222472,-21.51647605606419
335.0,0.1178082191780822,15.35,14.22931642975324,14.362987985651987,-1.1206835702467597,-0.9870120143480126,1.1206835702467597,0.9870120143480126,-7.300870164474005,-6.430045696078259
355.0,0.1178082191780822,9.4,9.209882793451555,9.28026759831605,-0.19011720654844488,-0.11973240168395094,0.19011720654844488,0.11973240168395094,-2.0225234739196263,-1.2737489540845846
305.0,0.1150684931506849,35.325,25.157403617048658,25.35063664865934,-10.167596382951345,-9.974363351340664,10.167596382951345,9.974363351340664,-28.783004622650655,-28.235989671169605
335.0,0.1150684931506849,18.575,13.926151186233412,14.055337881253376,-4.6488488137665875,-4.5196621187466235,4.6488488137665875,4.5196621187466235,-25.027449872229273,-24.331962954221392
340.0,0.1150684931506849,16.55,12.512884976242034,12.621179647255948,-4.037115023757966,-3.9288203527440526,4.037115023757966,3.9288203527440526,-24.393444252313994,-23.739095786973127
355.0,0.1150684931506849,11.575,8.950497749013905,9.018674974357772,-2.624502250986094,-2.556325025642227,2.624502250986094,2.556325025642227,-22.67388553767684,-22.08488143103436
260.0,0.0958904109589041,72.975,49.92771002789081,50.15336102701069,-23.047289972109184,-22.821638972989305,23.047289972109184,22.821638972989305,-31.582446004945787,-31.273229151064484
265.0,0.0958904109589041,68.25,46.27908407125568,46.490258054357945,-21.97091592874432,-21.759741945642055,21.97091592874432,21.759741945642055,-32.191818210614386,-31.88240578116052
327.5,0.0876712328767123,21.95,12.949784579369307,13.054720053986317,-9.000215420630692,-8.895279946013682,9.000215420630692,8.895279946013682,-41.003259319502014,-40.525193375916544
332.5,0.0876712328767123,19.25,11.449837559193625,11.507041746409818,-7.800162440806375,-7.7429582535901815,7.800162440806375,7.7429582535901815,-40.520324367825324,-40.22315975891003
337.5,0.0876712328767123,16.85,10.089487965947157,10.19819796527893,-6.760512034052844,-6.651802034721072,6.760512034052844,6.651802034721072,-40.12173313977949,-39.47656993899746
342.5,0.0876712328767123,14.7,8.861006440676945,8.889354184148038,-5.838993559323054,-5.810645815851961,5.838993559323054,5.810645815851961,-39.72104462124527,-39.528202828924904
327.5,0.084931506849315,18.6,12.597203093497143,12.700039975900927,-6.002796906502859,-5.899960024099075,6.002796906502859,5.899960024099075,-32.27310164786483,-31.720215183328353
332.5,0.084931506849315,16.175,11.109877721019458,11.164991959831285,-5.065122278980542,-5.0100080401687155,5.065122278980542,5.0100080401687155,-31.314511771131638,-30.973774591460373
337.5,0.084931506849315,14.0,9.763789740065363,9.871600033305167,-4.236210259934637,-4.128399966694833,4.236210259934637,4.128399966694833,-30.25864471381884,-29.488571190677376
342.5,0.084931506849315,12.1,8.550916676028493,8.57820810677904,-3.549083323971507,-3.521791893220959,3.549083323971507,3.521791893220959,-29.331267140260387,-29.10571812579305
347.5,0.084931506849315,10.4,7.462873087212628,7.566780735804587,-2.937126912787372,-2.8332192641954137,2.937126912787372,2.8332192641954137,-28.241604930647807,-27.2424929249559
355.0,0.1616438356164383,16.075000000000003,13.233684832288304,13.369480273772368,-2.8413151677116986,-2.705519726227635,2.8413151677116986,2.705519726227635,-17.675366517646644,-16.830604828787774
317.5,0.0821917808219178,20.7,15.64797863343128,15.730516255340397,-5.05202136656872,-4.969483744659602,5.05202136656872,4.969483744659602,-24.40590032158802,-24.00716784859711
322.5,0.0821917808219178,18.0,13.865319932359327,13.95279470577632,-4.134680067640673,-4.04720529422368,4.134680067640673,4.04720529422368,-22.97044482022596,-22.484473856798225
327.5,0.0821917808219178,15.55,12.240512376386164,12.341585103335865,-3.309487623613837,-3.208414896664136,3.309487623613837,3.208414896664136,-21.28287860844911,-20.632893226135923
332.5,0.0821917808219178,13.35,10.766438942702266,10.819764154888874,-2.583561057297734,-2.5302358451111253,2.583561057297734,2.5302358451111253,-19.352517283129096,-18.953077491469102
337.5,0.0821917808219178,11.45,9.435291437745505,9.54250440894529,-2.0147085622544942,-1.90749559105471,2.0147085622544942,1.90749559105471,-17.59570796728816,-16.65935014021581
347.5,0.0821917808219178,8.3,7.168060009925966,7.272121251421478,-1.1319399900740343,-1.027878748578523,1.1319399900740343,1.027878748578523,-13.637831205711256,-12.384081308174975
310.0,0.1589041095890411,33.05,27.87620491796835,28.191073721769058,-5.173795082031646,-4.858926278230939,5.173795082031646,4.858926278230939,-15.654448054558687,-14.701743655766835
260.0,0.0821917808219178,91.8,48.5049445575095,48.681523790491916,-43.295055442490494,-43.11847620950808,43.295055442490494,43.11847620950808,-47.16236976306154,-46.970017657416214
260.0,0.1013698630136986,92.45,50.482245804457506,50.7305178927062,-41.9677541955425,-41.7194821072938,41.9677541955425,41.7194821072938,-45.395082958942666,-45.126535540609844
345.0,0.1397260273972602,28.575,13.70567571795533,13.84216563188972,-14.86932428204467,-14.732834368110279,14.86932428204467,14.732834368110279,-52.03613047084749,-51.5584754789511
